question_id,suspected_disease,symptom_group,question,positive_keywords,risk_score,required_resource_code,importance,disease_id,canonical_disease_name
DQ_LIVER_001,간부전,abdominal,눈이나 피부가 노랗거나 의식이 흐려졌나요?,황달;눈노람;피부노람;의식흐림,4,ER_GENERAL,4,D_TOX_001,간부전
DQ_LIVER_FAILURE_001,간부전,toxic,피부나 눈 흰자가 노랗게 보이거나 소변 색이 진해졌나요?,황달;눈노람;피부노람;진한소변;소변색,4,ER_GENERAL,5,D_TOX_001,간부전
DQ_LIVER_FAILURE_002,간부전,toxic,의식이 멍하거나 말이 느려지고 심하게 졸린 상태인가요?,의식저하;혼돈;졸림;말느림;간성혼수,5,ER_GENERAL,5,D_TOX_001,간부전
DQ_LIVER_FAILURE_003,간부전,toxic,"피를 토하거나 검은 변, 코피처럼 출혈이 동반되나요?",토혈;검은변;혈변;코피;출혈,5,ER_TRAUMA,5,D_TOX_001,간부전
DQ_LIVER_FAILURE_004,간부전,toxic,복부가 갑자기 심하게 붓거나 숨이 찰 정도로 팽만한가요?,복부팽만;배부름;복수;숨참,4,ER_GENERAL,4,D_TOX_001,간부전
DQ_HEMOPTYSIS_001,객혈,bleeding,기침할 때 선홍색 피가 한 숟가락 이상 나오나요?,피;선홍색;객혈;기침피;한숟가락,5,ER_RESP,5,D_BLD_001,객혈
DQ_HEMOPTYSIS_002,객혈,bleeding,피가 계속 나오거나 양이 빠르게 늘고 있나요?,계속;많이;대량;멈추지;양이늘,5,ER_RESP,5,D_BLD_001,객혈
DQ_HEMOPTYSIS_003,객혈,bleeding,"숨이 차거나 산소가 부족한 느낌, 입술이 파래지는 증상이 있나요?",숨참;호흡곤란;산소부족;청색증;입술파래,5,ER_RESP,5,D_BLD_001,객혈
DQ_HEMOPTYSIS_004,객혈,bleeding,"가슴 통증이나 어지럼, 식은땀이 동반되나요?",가슴통증;흉통;어지럼;식은땀,4,ER_RESP,4,D_BLD_001,객혈
DQ_HEMOPTYSIS_005,객혈,bleeding,"결핵, 폐질환, 항응고제 복용 병력이 있나요?",결핵;폐질환;항응고제;와파린;아스피린,3,ER_RESP,3,D_BLD_001,객혈
DQ_FRACTURE_001,골절,trauma,다친 부위가 변형되었거나 움직이기 어렵나요?,변형;움직이기어려움;골절,4,ER_TRAUMA,4,D_TRM_003,골절
DQ_FRACTURE_002,골절,trauma,다친 부위가 눈에 띄게 휘었거나 뼈가 보이나요?,변형;휘어짐;뼈보임;개방성;골절,5,ER_TRAUMA,5,D_TRM_003,골절
DQ_FRACTURE_003,골절,trauma,다친 부위를 움직이기 어렵거나 체중을 실을 수 없나요?,못움직임;체중부하불가;걷기힘듦;움직임제한,4,ER_TRAUMA,4,D_TRM_003,골절
DQ_FRACTURE_004,골절,trauma,손발 끝이 저리거나 감각이 둔하고 차갑게 느껴지나요?,저림;감각저하;차가움;창백;혈액순환,5,ER_TRAUMA,5,D_TRM_003,골절
DQ_FRACTURE_005,골절,trauma,붓기나 통증이 빠르게 심해지고 있나요?,부종;붓기;심한통증;악화,4,ER_TRAUMA,4,D_TRM_003,골절
DQ_EYE_001,급성 시력상실,eye,갑자기 시야가 흐려지거나 한쪽 눈이 잘 보이지 않나요?,시야흐림;눈안보임;시력저하;한쪽눈,5,ER_GENERAL,5,D_EYE_003,급성 시력상실
DQ_VISION_LOSS_001,급성 시력상실,eye,한쪽 또는 양쪽 시야가 갑자기 안 보이거나 검게 가려졌나요?,시야상실;안보임;검게;갑자기;시력저하,5,ER_GENERAL,5,D_EYE_003,급성 시력상실
DQ_VISION_LOSS_002,급성 시력상실,eye,"눈 통증, 심한 두통, 구토가 함께 있나요?",눈통증;두통;구토;안압,5,ER_GENERAL,5,D_EYE_003,급성 시력상실
DQ_VISION_LOSS_003,급성 시력상실,eye,말이 어눌하거나 한쪽 팔다리 힘 빠짐 같은 신경 증상이 있나요?,말어눌;마비;힘빠짐;편마비;뇌졸중,5,ER_NEURO,5,D_EYE_003,급성 시력상실
DQ_VISION_LOSS_004,급성 시력상실,eye,눈을 다쳤거나 화학물질이 들어간 뒤 시력이 떨어졌나요?,외상;화학물질;눈손상;튀었;화상,5,ER_GENERAL,4,D_EYE_003,급성 시력상실
DQ_MI_001,급성 심근경색,cardio,가슴 통증이나 가슴이 조이는 느낌이 있나요?,가슴통증;흉통;가슴이조임;가슴이답답,5,ER_CARDIO,5,D_CAR_004,급성 심근경색
DQ_MI_002,급성 심근경색,cardio,식은땀이 나거나 창백해지는 증상이 있나요?,식은땀;창백,4,ER_CARDIO,4,D_CAR_004,급성 심근경색
DQ_MI_003,급성 심근경색,cardio,"왼팔, 턱, 등 쪽으로 통증이나 저림이 퍼지나요?",왼팔;턱;등;방사통;저림,4,ER_CARDIO,4,D_CAR_004,급성 심근경색
DQ_MI_004,급성 심근경색,cardio,"숨이 차거나 메스꺼움, 어지러움이 동반되나요?",숨참;메스꺼움;어지러움;호흡곤란,4,ER_CARDIO,4,D_CAR_004,급성 심근경색
DQ_MI_005,급성 심근경색,cardio,가슴 중앙이 조이거나 짓누르는 통증이 10분 이상 지속되나요?,가슴통증;흉통;조임;짓누름;10분,5,ER_CARDIO,5,D_CAR_004,급성 심근경색
DQ_PAN_001,급성췌장염,abdominal,상복부 통증이 등으로 퍼지거나 구토가 동반되나요?,상복부;등통증;구토,4,ER_GENERAL,4,D_DIG_003,급성췌장염
DQ_AIRWAY_001,기도폐쇄,respiratory,숨 쉴 때 쌕쌕거리거나 기도가 막힌 느낌이 있나요?,쌕쌕;기도;막힘;숨막힘,5,ER_RESP,5,D_RESP_005,기도폐쇄
DQ_AIRWAY_OBSTRUCTION_001,기도폐쇄,respiratory,목에 무언가 걸린 뒤 말을 하거나 숨 쉬기 어렵나요?,목걸림;기도막힘;말못함;숨못쉼;이물,5,ER_RESP,5,D_RESP_005,기도폐쇄
DQ_AIRWAY_OBSTRUCTION_002,기도폐쇄,respiratory,기침을 해도 이물이 나오지 않고 숨소리가 약해졌나요?,기침안됨;숨소리;쌕쌕;이물;막힘,5,ER_RESP,5,D_RESP_005,기도폐쇄
DQ_AIRWAY_OBSTRUCTION_003,기도폐쇄,respiratory,입술이나 얼굴이 파래지거나 의식이 흐려지나요?,입술파래;청색증;얼굴파래;의식저하,5,ER_RESP,5,D_RESP_005,기도폐쇄
DQ_AIRWAY_OBSTRUCTION_004,기도폐쇄,respiratory,침을 삼키기 어렵거나 침을 흘리고 있나요?,침흘림;삼키기어려움;연하곤란,4,ER_RESP,4,D_RESP_005,기도폐쇄
DQ_STROKE_001,뇌졸중,neuro,한쪽 팔이나 다리에 힘이 빠지나요?,한쪽팔;한쪽다리;힘이안;마비;편마비,5,ER_NEURO,5,D_NEU_003,뇌졸중
DQ_STROKE_002,뇌졸중,neuro,말이 어눌하거나 발음이 갑자기 이상해졌나요?,말이어눌;발음이상;말이안;언어,5,ER_NEURO,5,D_NEU_003,뇌졸중
DQ_STROKE_003,뇌졸중,neuro,얼굴 한쪽이 처지거나 입이 한쪽으로 돌아갔나요?,얼굴비대칭;입이돌아;얼굴처짐;입처짐,5,ER_NEURO,5,D_NEU_003,뇌졸중
DQ_STROKE_004,뇌졸중,neuro,증상이 갑자기 시작됐거나 발생한 지 4시간 이내인가요?,갑자기;4시간;방금;시작;시간,5,ER_NEURO,5,D_NEU_003,뇌졸중
DQ_STROKE_005,뇌졸중,neuro,갑작스러운 심한 두통이나 어지럼이 동반되나요?,두통;어지럼;구토,4,ER_NEURO,3,D_NEU_003,뇌졸중
DQ_BLEED_001,대량출혈,bleeding,피가 계속 나거나 압박해도 멈추지 않나요?,출혈;피가계속;피안멈춤,5,ER_TRAUMA,5,D_BLD_002,대량출혈
DQ_BLEED_002,대량출혈,bleeding,어지럽거나 식은땀이 나고 창백한가요?,어지럼;식은땀;창백,5,ER_TRAUMA,5,D_BLD_002,대량출혈
DQ_MASSIVE_BLEEDING_001,대량출혈,bleeding,피가 계속 흐르거나 압박해도 10분 이상 멈추지 않나요?,피;출혈;멈추지;압박;10분,5,ER_TRAUMA,5,D_BLD_002,대량출혈
DQ_MASSIVE_BLEEDING_002,대량출혈,bleeding,"피가 뿜어 나오거나 옷, 수건이 빠르게 젖을 정도인가요?",뿜어;많이;수건;옷젖음;대량,5,ER_TRAUMA,5,D_BLD_002,대량출혈
DQ_MASSIVE_BLEEDING_003,대량출혈,bleeding,"어지럽거나 식은땀, 창백함, 실신 느낌이 있나요?",어지럼;식은땀;창백;실신;기절,5,ER_TRAUMA,5,D_BLD_002,대량출혈
DQ_SNAKE_001,독사교상,toxic,"뱀에 물린 뒤 붓기, 통증, 어지럼이 있나요?",뱀;독사;물림;붓기;통증;어지럼,5,ER_GENERAL,5,D_TOX_005,독사교상
DQ_SNAKE_BITE_001,독사교상,toxic,물린 부위가 빠르게 붓거나 통증이 심해지고 있나요?,물림;붓기;부종;통증;악화,5,ER_GENERAL,5,D_TOX_005,독사교상
DQ_SNAKE_BITE_002,독사교상,toxic,"어지럼, 구토, 식은땀, 힘 빠짐 같은 전신 증상이 있나요?",어지럼;구토;식은땀;힘빠짐;전신,5,ER_GENERAL,5,D_TOX_005,독사교상
DQ_SNAKE_BITE_003,독사교상,toxic,물린 부위 주변 피부색이 검게 변하거나 물집이 생기나요?,피부색;검게;물집;괴사;변색,5,ER_GENERAL,5,D_TOX_005,독사교상
DQ_SNAKE_BITE_004,독사교상,toxic,숨이 차거나 입술·얼굴이 붓는 알레르기 증상이 있나요?,숨참;호흡곤란;입술부음;얼굴부음;알레르기,5,ER_GENERAL,5,D_TOX_005,독사교상
DQ_BEE_001,벌쏘임,allergy,벌에 쏘인 뒤 호흡곤란이나 얼굴 부종이 있나요?,벌;벌쏘임;호흡곤란;얼굴부음;입술부음,5,ER_GENERAL,5,D_ALG_002,벌쏘임
DQ_BEE_002,벌쏘임,allergy,쏘인 부위가 빠르게 붓거나 통증이 심해지나요?,붓기;부음;통증;쏘인,3,ER_GENERAL,3,D_ALG_002,벌쏘임
DQ_BEE_STING_001,벌쏘임,allergy,"벌에 쏘인 뒤 입술, 혀, 얼굴, 목이 붓나요?",벌;쏘임;입술부음;혀부음;얼굴부음;목부음,5,ER_GENERAL,5,D_ALG_002,벌쏘임
DQ_BEE_STING_002,벌쏘임,allergy,"숨쉬기 어렵거나 쌕쌕거림, 목이 조이는 느낌이 있나요?",숨쉬기힘듦;호흡곤란;쌕쌕;목조임,5,ER_GENERAL,5,D_ALG_002,벌쏘임
DQ_BEE_STING_003,벌쏘임,allergy,두드러기가 전신으로 퍼지거나 심하게 가렵나요?,두드러기;전신;가려움;발진,4,ER_GENERAL,4,D_ALG_002,벌쏘임
DQ_PERITONITIS_001,복막염,abdominal,배를 누르거나 움직일 때 통증이 심해지나요?,배누름;움직이면아픔;복통심함,4,ER_GENERAL,4,D_DIG_008,복막염
DQ_PERITONITIS_002,복막염,abdominal,열이 나거나 배가 딱딱하게 느껴지나요?,열;발열;배딱딱,4,ER_GENERAL,4,D_DIG_008,복막염
DQ_PERITONITIS_003,복막염,abdominal,배 전체가 딱딱하게 굳고 움직이면 통증이 심해지나요?,배딱딱;복부강직;움직이면아픔;반발통,5,ER_GENERAL,5,D_DIG_008,복막염
DQ_PERITONITIS_004,복막염,abdominal,찢어질 듯한 복통이 갑자기 시작됐나요?,찢어질듯;극심한복통;갑자기;복통,5,ER_GENERAL,5,D_DIG_008,복막염
DQ_PERITONITIS_005,복막염,abdominal,"고열, 오한, 식은땀이 함께 있나요?",고열;오한;식은땀;열,4,ER_GENERAL,4,D_DIG_008,복막염
DQ_ARRHYTHMIA_001,부정맥,cardio,심장이 불규칙하게 뛰거나 갑자기 매우 빠르게 뛰나요?,두근거림;불규칙;빠른맥;심계항진,5,ER_CARDIO,5,D_CAR_008,부정맥
DQ_ARRHYTHMIA_002,부정맥,cardio,가슴 통증이나 숨참이 함께 있나요?,가슴통증;흉통;숨참;호흡곤란,5,ER_CARDIO,5,D_CAR_008,부정맥
DQ_ARRHYTHMIA_003,부정맥,cardio,"어지럼, 실신, 쓰러질 것 같은 느낌이 있나요?",어지럼;실신;기절;쓰러질듯,5,ER_CARDIO,5,D_CAR_008,부정맥
DQ_ARR_001,부정맥,cardio,심장이 불규칙하게 뛰거나 두근거림이 심한가요?,심장;불규칙;두근거림;맥박,4,ER_CARDIO,4,D_CAR_008,부정맥
DQ_ARR_002,부정맥,cardio,"두근거림과 함께 어지럼, 실신 느낌이 있나요?",두근거림;어지럼;실신;기절,5,ER_CARDIO,4,D_CAR_008,부정맥
DQ_KIDNEY_001,신부전,urology,소변량이 급격히 줄거나 몸이 심하게 붓나요?,소변량감소;소변안나옴;부종;몸이부음,4,ER_GENERAL,4,D_TOX_006,신부전
DQ_RENAL_FAILURE_001,신부전,toxic,소변량이 평소보다 크게 줄거나 하루 종일 거의 나오지 않나요?,소변감소;무뇨;소변안나옴;소변량,5,ER_GENERAL,5,D_TOX_006,신부전
DQ_RENAL_FAILURE_002,신부전,toxic,다리나 얼굴이 붓고 숨이 차나요?,다리부음;얼굴부음;부종;숨참,4,ER_GENERAL,4,D_TOX_006,신부전
DQ_RENAL_FAILURE_003,신부전,toxic,"심한 구토, 설사, 탈수 뒤 증상이 생겼나요?",구토;설사;탈수;수분부족,4,ER_GENERAL,4,D_TOX_006,신부전
DQ_RENAL_FAILURE_004,신부전,toxic,"가슴 답답함, 심한 무기력, 의식 저하가 있나요?",가슴답답;무기력;의식저하;혼돈,5,ER_GENERAL,5,D_TOX_006,신부전
DQ_ARREST_001,심정지,cardio,의식이 없거나 정상적으로 숨을 쉬지 않나요?,의식없;호흡없;숨안쉼;반응없,5,ER_CARDIO,5,D_CAR_011,심정지
DQ_CARDIAC_ARREST_001,심정지,cardio,의식이 없고 부르거나 흔들어도 반응이 없나요?,의식없음;반응없음;쓰러짐;기절,5,ER_CARDIO,5,D_CAR_011,심정지
DQ_CARDIAC_ARREST_002,심정지,cardio,정상적으로 숨 쉬지 않거나 헐떡이는 숨만 있나요?,숨안쉼;헐떡임;호흡없음;비정상호흡,5,ER_CARDIO,5,D_CAR_011,심정지
DQ_CARDIAC_ARREST_003,심정지,cardio,맥박이 느껴지지 않거나 얼굴과 입술이 파래졌나요?,맥박없음;청색증;입술파래;얼굴파래,5,ER_CARDIO,5,D_CAR_011,심정지
DQ_CARDIAC_ARREST_004,심정지,cardio,갑작스럽게 쓰러지기 전 가슴 통증이나 숨참이 있었나요?,갑자기쓰러짐;가슴통증;숨참;흉통,5,ER_CARDIO,5,D_CAR_011,심정지
DQ_ANAPHYLAXIS_001,아나필락시스,allergy,"입술, 혀, 얼굴, 목이 붓거나 목이 조이는 느낌이 있나요?",입술부음;혀부음;얼굴부음;목부음;목조임,5,ER_GENERAL,5,D_ALG_003,아나필락시스
DQ_ANAPHYLAXIS_002,아나필락시스,allergy,숨쉬기 어렵거나 쌕쌕거림이 있나요?,숨쉬기힘듦;호흡곤란;쌕쌕;천명,5,ER_GENERAL,5,D_ALG_003,아나필락시스
DQ_ANAPH_001,아나필락시스,allergy,"얼굴, 입술, 목이 붓거나 숨쉬기 어려운가요?",얼굴부음;입술부음;목부음;숨쉬기어렵;호흡곤란,5,ER_GENERAL,5,D_ALG_003,아나필락시스
DQ_ANAPH_002,아나필락시스,allergy,전신 두드러기나 심한 가려움이 있나요?,두드러기;가려움;전신,4,ER_GENERAL,4,D_ALG_003,아나필락시스
DQ_ANAPH_003,아나필락시스,allergy,어지럽거나 쓰러질 것 같은 느낌이 있나요?,어지럼;쓰러질것;실신,5,ER_GENERAL,5,D_ALG_003,아나필락시스
DQ_DRUG_001,약물중독,toxic,약을 평소보다 많이 복용했거나 의도치 않게 먹었나요?,약많이;과다복용;약물중독,5,ER_GENERAL,5,D_TOX_008,약물중독
DQ_DRUG_POISONING_001,약물중독,toxic,약을 평소보다 많이 먹었거나 여러 종류를 함께 복용했나요?,약;많이;과다복용;여러종류;복용,5,ER_GENERAL,5,D_TOX_008,약물중독
DQ_DRUG_POISONING_002,약물중독,toxic,의식이 흐리거나 깨워도 반응이 둔한가요?,의식저하;졸림;반응둔함;혼돈,5,ER_GENERAL,5,D_TOX_008,약물중독
DQ_DRUG_POISONING_003,약물중독,toxic,호흡이 느려지거나 숨쉬기 힘든가요?,호흡느림;숨쉬기힘듦;호흡곤란;숨참,5,ER_RESP,5,D_TOX_008,약물중독
DQ_DRUG_POISONING_004,약물중독,toxic,"구토, 경련, 심한 어지럼이 있나요?",구토;경련;어지럼;발작,5,ER_GENERAL,5,D_TOX_008,약물중독
DQ_HEAT_STROKE_001,열사병,toxic,더운 환경 노출 뒤 체온이 높고 피부가 뜨겁나요?,더위;고온;체온;뜨거움;열사병,5,ER_GENERAL,5,D_TOX_009,열사병
DQ_HEAT_STROKE_002,열사병,toxic,의식이 혼란스럽거나 말이 이상하고 쓰러질 것 같나요?,의식혼란;말이상;쓰러짐;혼돈,5,ER_GENERAL,5,D_TOX_009,열사병
DQ_HEAT_STROKE_003,열사병,toxic,"땀이 나지 않거나 심한 두통, 구토가 있나요?",땀안남;두통;구토;메스꺼움,4,ER_GENERAL,4,D_TOX_009,열사병
DQ_HEAT_STROKE_004,열사병,toxic,"근육 경련이나 심한 무기력, 어지럼이 있나요?",근육경련;무기력;어지럼;탈진,4,ER_GENERAL,4,D_TOX_009,열사병
DQ_HEAT_STROKE_005,열사병,toxic,"고령자, 어린이, 만성질환자이거나 야외작업 중 발생했나요?",고령;어린이;만성질환;야외작업,3,ER_GENERAL,3,D_TOX_009,열사병
DQ_GIB_001,위장관출혈,abdominal,"피를 토하거나 검은 변, 혈변이 있었나요?",피토;토혈;검은변;혈변,5,ER_GENERAL,5,D_BLD_003,위장관출혈
DQ_GI_BLEEDING_001,위장관출혈,bleeding,피를 토했거나 커피색 구토를 했나요?,토혈;피토함;커피색구토;구토,5,ER_GENERAL,5,D_BLD_003,위장관출혈
DQ_GI_BLEEDING_002,위장관출혈,bleeding,검은 변이나 선홍색 혈변을 봤나요?,검은변;흑변;혈변;선홍색변,5,ER_GENERAL,5,D_BLD_003,위장관출혈
DQ_GI_BLEEDING_003,위장관출혈,bleeding,"어지럼, 식은땀, 창백함, 실신 느낌이 있나요?",어지럼;식은땀;창백;실신,5,ER_GENERAL,5,D_BLD_003,위장관출혈
DQ_GI_BLEEDING_004,위장관출혈,bleeding,복통이 심하거나 배가 딱딱하게 느껴지나요?,복통;배딱딱;복부강직;통증,4,ER_GENERAL,4,D_BLD_003,위장관출혈
DQ_DROWNING_001,익수,respiratory,물에 빠진 뒤 기침이나 숨참이 계속되나요?,물에빠짐;익수;기침;숨참;호흡곤란,5,ER_RESP,5,D_RESP_009,익수
DQ_DROWNING_002,익수,respiratory,의식을 잃었거나 구조 후 멍하고 반응이 느린가요?,의식잃음;반응느림;멍함;구조,5,ER_RESP,5,D_RESP_009,익수
DQ_DROWN_001,익수,respiratory,물에 빠진 뒤 현재 숨쉬기가 어렵나요?,물에빠;익수;숨쉬기어렵;호흡곤란,5,ER_RESP,5,D_RESP_009,익수
DQ_DROWN_002,익수,respiratory,의식이 흐려지거나 반응이 둔한가요?,의식흐림;반응둔함;의식저하,5,ER_RESP,5,D_RESP_009,익수
DQ_DROWN_003,익수,respiratory,기침이 계속되거나 물을 많이 삼킨 것 같나요?,기침;물을삼킴;삼킨,4,ER_RESP,4,D_RESP_009,익수
DQ_CO_001,일산화탄소중독,toxic,"밀폐된 공간에서 두통, 어지럼, 구토가 생겼나요?",밀폐;연탄;가스;두통;어지럼;구토,5,ER_GENERAL,5,D_TOX_010,일산화탄소중독
DQ_CO_POISONING_001,일산화탄소중독,toxic,"난방기, 연탄, 차량 안 등 밀폐 공간에 있다가 증상이 생겼나요?",난방기;연탄;차량;밀폐공간;일산화탄소,5,ER_GENERAL,5,D_TOX_010,일산화탄소중독
DQ_CO_POISONING_002,일산화탄소중독,toxic,"두통, 어지럼, 메스꺼움이 함께 있나요?",두통;어지럼;메스꺼움;구토,4,ER_GENERAL,4,D_TOX_010,일산화탄소중독
DQ_CO_POISONING_003,일산화탄소중독,toxic,같은 공간에 있던 다른 사람도 비슷한 증상이 있나요?,동반자;같은공간;여러명;비슷한증상,5,ER_GENERAL,5,D_TOX_010,일산화탄소중독
DQ_CO_POISONING_004,일산화탄소중독,toxic,의식이 흐리거나 쓰러진 적이 있나요?,의식저하;쓰러짐;실신;혼돈,5,ER_GENERAL,5,D_TOX_010,일산화탄소중독
DQ_BOWEL_OBSTRUCTION_001,장폐색,abdominal,배가 심하게 팽만하고 가스나 대변이 나오지 않나요?,복부팽만;가스안나옴;대변안나옴;변비,5,ER_GENERAL,5,D_DIG_015,장폐색
DQ_BOWEL_OBSTRUCTION_002,장폐색,abdominal,구토가 반복되거나 초록색·갈색 구토가 나오나요?,구토;반복구토;초록색구토;갈색구토,5,ER_GENERAL,5,D_DIG_015,장폐색
DQ_BOWEL_OBSTRUCTION_003,장폐색,abdominal,복통이 주기적으로 심해졌다 약해졌다 하나요?,복통;주기적;쥐어짜는;악화완화,4,ER_GENERAL,4,D_DIG_015,장폐색
DQ_BOWEL_OBSTRUCTION_004,장폐색,abdominal,"식은땀, 어지럼, 열이 동반되나요?",식은땀;어지럼;열;오한,4,ER_GENERAL,4,D_DIG_015,장폐색
DQ_OBS_001,장폐색,abdominal,"복부 팽만, 구토, 대변이나 가스가 안 나오는 증상이 있나요?",복부팽만;구토;가스안나옴;대변안나옴,4,ER_GENERAL,4,D_DIG_015,장폐색
DQ_HYPOTHERMIA_001,저체온증,toxic,추위 노출 뒤 몸이 심하게 떨리거나 체온이 낮게 느껴지나요?,추위;떨림;체온낮음;저체온;차가움,4,ER_GENERAL,5,D_TOX_011,저체온증
DQ_HYPOTHERMIA_002,저체온증,toxic,말이 어눌하거나 졸리고 의식이 흐려지나요?,말어눌;졸림;의식저하;혼돈,5,ER_GENERAL,5,D_TOX_011,저체온증
DQ_HYPOTHERMIA_003,저체온증,toxic,손발이 창백하거나 차갑고 감각이 둔한가요?,손발차가움;창백;감각저하;동상,4,ER_GENERAL,4,D_TOX_011,저체온증
DQ_HYPOTHERMIA_004,저체온증,toxic,"젖은 옷, 물에 빠짐, 야외 장시간 노출이 있었나요?",젖은옷;익수;야외;장시간;노출,4,ER_GENERAL,4,D_TOX_011,저체온증
DQ_HYPOTHERMIA_005,저체온증,toxic,"고령자, 어린이, 음주 상태이거나 만성질환이 있나요?",고령;어린이;음주;만성질환,3,ER_GENERAL,3,D_TOX_011,저체온증
DQ_ELECTRIC_001,전기손상,trauma,감전 후 의식을 잃었거나 잠깐이라도 정신이 멍해졌나요?,감전;전기;의식;정신;멍;기절,5,ER_TRAUMA,5,D_TRM_010,전기손상
DQ_ELECTRIC_002,전기손상,trauma,"가슴 통증, 심장 두근거림, 숨참이 있나요?",가슴통증;두근거림;숨참;호흡곤란;심장,5,ER_CARDIO,5,D_TRM_010,전기손상
DQ_ELECTRIC_003,전기손상,trauma,"감전 부위에 화상, 물집, 심한 통증이 있나요?",화상;물집;통증;감전부위,4,ER_TRAUMA,4,D_TRM_010,전기손상
DQ_ELECTRIC_004,전기손상,trauma,팔이나 다리에 힘이 빠지거나 저림이 계속되나요?,힘빠짐;저림;마비;팔;다리,4,ER_TRAUMA,4,D_TRM_010,전기손상
DQ_ELECTRIC_005,전기손상,trauma,고압 전기나 젖은 상태에서 감전된 상황인가요?,고압;젖은;물;전기,5,ER_TRAUMA,4,D_TRM_010,전기손상
DQ_CHOKE_001,질식,respiratory,목에 음식물이나 이물질이 걸린 것 같나요?,목에걸림;음식물;이물질,5,ER_RESP,5,D_RESP_010,질식
DQ_CHOKE_002,질식,respiratory,말을 하거나 기침하기 어려울 정도로 숨이 막히나요?,말못함;기침못함;숨막힘;질식,5,ER_RESP,5,D_RESP_010,질식
DQ_CHOKING_001,질식,respiratory,목에 음식이나 이물이 걸린 뒤 숨쉬기 어렵나요?,목걸림;음식;이물;숨쉬기힘듦;질식,5,ER_RESP,5,D_RESP_010,질식
DQ_CHOKING_002,질식,respiratory,말을 못 하거나 기침 소리가 거의 나오지 않나요?,말못함;기침안됨;소리안남;기도막힘,5,ER_RESP,5,D_RESP_010,질식
DQ_CHOKING_003,질식,respiratory,입술이나 얼굴이 파래지고 있나요?,입술파래;얼굴파래;청색증,5,ER_RESP,5,D_RESP_010,질식
DQ_DISLOCATION_001,탈구,trauma,관절 모양이 이상하거나 움직일 수 없나요?,관절;탈구;움직일수없;모양이상,4,ER_TRAUMA,4,D_TRM_013,탈구
DQ_DISLOCATION_002,탈구,trauma,관절 모양이 어긋나 보이거나 제자리에서 빠진 느낌인가요?,관절변형;빠짐;탈구;어긋남,4,ER_TRAUMA,5,D_TRM_013,탈구
DQ_DISLOCATION_003,탈구,trauma,통증 때문에 관절을 거의 움직일 수 없나요?,심한통증;못움직임;움직임제한;관절,4,ER_TRAUMA,4,D_TRM_013,탈구
DQ_DISLOCATION_004,탈구,trauma,손발 끝이 저리거나 감각이 둔하고 차갑나요?,저림;감각저하;차가움;창백,5,ER_TRAUMA,5,D_TRM_013,탈구
DQ_DISLOCATION_005,탈구,trauma,"넘어짐, 스포츠, 교통사고 뒤 발생했나요?",넘어짐;스포츠;교통사고;외상,3,ER_TRAUMA,3,D_TRM_013,탈구
DQ_RESP_FAIL_001,호흡부전,respiratory,가만히 있어도 숨이 차거나 입술이 파래지나요?,숨이차;입술파래;청색증;호흡곤란,5,ER_RESP,5,D_RESP_018,호흡부전
DQ_RESP_FAIL_002,호흡부전,respiratory,고열과 함께 숨쉬기 힘들거나 숨이 빠르게 차나요?,고열;숨쉬기힘듦;숨참;호흡곤란;빠른호흡,5,ER_RESP,5,D_RESP_018,호흡부전
DQ_RESP_FAIL_003,호흡부전,respiratory,"기침이나 가래, 흉통이 함께 있나요?",기침;가래;흉통;가슴통증,4,ER_RESP,4,D_RESP_018,호흡부전
DQ_RESP_FAIL_004,호흡부전,respiratory,말을 길게 하기 어렵거나 누우면 숨이 더 찬가요?,말하기어려움;누우면숨참;호흡곤란;숨참,5,ER_RESP,5,D_RESP_018,호흡부전
DQ_RESP_FAIL_005,호흡부전,respiratory,의식이 흐려지거나 심하게 처지고 어지러운가요?,의식저하;처짐;어지럼;혼돈,5,ER_RESP,5,D_RESP_018,호흡부전
DQ_FEVER_DYSPNEA_001,고열 동반 호흡곤란,respiratory,체온이 39도 이상이고 숨쉬기 힘든 상태가 계속되나요?,39도;40도;고열;숨쉬기힘듦;호흡곤란,5,ER_RESP,5,D_RESP_003,고열 동반 호흡곤란
DQ_FEVER_DYSPNEA_002,고열 동반 호흡곤란,respiratory,가만히 있어도 숨이 차거나 말하기 어려운가요?,숨참;말하기어려움;호흡곤란;빠른호흡,5,ER_RESP,5,D_RESP_003,고열 동반 호흡곤란
DQ_FEVER_DYSPNEA_003,고열 동반 호흡곤란,respiratory,"기침, 가래, 흉통이 함께 있나요?",기침;가래;흉통;가슴통증,4,ER_RESP,4,D_RESP_003,고열 동반 호흡곤란
DQ_FEVER_DYSPNEA_004,고열 동반 호흡곤란,respiratory,입술이 파래지거나 의식이 흐려지나요?,입술파래;청색증;의식저하;혼돈,5,ER_RESP,5,D_RESP_003,고열 동반 호흡곤란
DQ_FEVER_DYSPNEA_005,고열 동반 호흡곤란,respiratory,해열제를 써도 열이 떨어지지 않거나 오한이 심한가요?,해열제;열안떨어짐;오한;고열,4,ER_RESP,4,D_RESP_003,고열 동반 호흡곤란
DQ_BURN_001,화상,trauma,"화상 부위가 얼굴, 손, 발, 생식기 부위인가요?",얼굴;손;발;생식기;화상,5,ER_TRAUMA,5,D_TRM_014,화상
DQ_BURN_002,화상,trauma,화상 부위가 넓거나 물집이 생겼나요?,넓은화상;물집;화상,4,ER_TRAUMA,4,D_TRM_014,화상
DQ_BURN_003,화상,trauma,"얼굴, 목, 손, 발, 회음부 또는 넓은 부위에 화상을 입었나요?",얼굴;목;손;발;넓은부위;화상,5,ER_TRAUMA,5,D_TRM_014,화상
DQ_BURN_004,화상,trauma,피부가 하얗거나 검게 변하고 감각이 둔한가요?,하얗게;검게;감각둔함;깊은화상,5,ER_TRAUMA,5,D_TRM_014,화상
DQ_BURN_005,화상,trauma,"연기를 마신 뒤 기침, 쉰 목소리, 숨참이 있나요?",연기흡입;기침;쉰목소리;숨참,5,ER_RESP,5,D_TRM_014,화상
DQ_CHEMICAL_POISONING_001,화학물질중독,toxic,화학물질을 마시거나 흡입한 뒤 증상이 생겼나요?,화학물질;흡입;마심;중독;노출,5,ER_GENERAL,5,D_TOX_014,화학물질중독
DQ_CHEMICAL_POISONING_002,화학물질중독,toxic,"숨이 차거나 기침, 목·가슴 따가움이 있나요?",숨참;기침;목따가움;가슴따가움;호흡곤란,5,ER_RESP,5,D_TOX_014,화학물질중독
DQ_CHEMICAL_POISONING_003,화학물질중독,toxic,"의식이 흐리거나 어지럼, 구토가 있나요?",의식저하;어지럼;구토;혼돈,5,ER_GENERAL,5,D_TOX_014,화학물질중독
DQ_CHEMICAL_POISONING_004,화학물질중독,toxic,"피부나 눈에 닿아 통증, 화끈거림, 시야 이상이 있나요?",피부통증;눈통증;화끈거림;시야이상,4,ER_GENERAL,4,D_TOX_014,화학물질중독
DQ_CHEM_001,화학물질중독,toxic,"세제, 락스, 농약, 화학물질을 마시거나 흡입했나요?",세제;락스;농약;화학물질;흡입,5,ER_GENERAL,5,D_TOX_014,화학물질중독
DQ_EYE_CHEM_001,화학성 안손상,eye,눈에 화학물질이 들어간 뒤 통증이나 시야 이상이 있나요?,눈;화학물질;통증;시야이상,5,ER_GENERAL,5,D_EYE_006,화학성 안손상
DQ_PED_FEVER_SEIZURE_001,소아 고열 경련,pediatric,경련이 5분 이상 지속되었거나 반복되었나요?,경련;발작;5분;반복,5,ER_PED,5,D_PED_003,열성경련
DQ_PED_FEVER_SEIZURE_002,소아 고열 경련,pediatric,경련 후에도 의식이 돌아오지 않거나 처져 있나요?,의식저하;처짐;반응없음;축짐,5,ER_PED,5,D_PED_003,열성경련
DQ_PED_FEVER_SEIZURE_003,소아 고열 경련,pediatric,목이 뻣뻣하거나 심한 두통·구토가 함께 있나요?,목뻣뻣;두통;구토;수막염,5,ER_PED,5,D_PED_003,열성경련
DQ_PED_FEVER_SEIZURE_004,소아 고열 경련,pediatric,생후 6개월 미만이거나 기저질환이 있나요?,6개월미만;영아;기저질환;어림,4,ER_PED,4,D_PED_003,열성경련
DQ_PED_FEVER_SEIZURE_005,소아 고열 경련,pediatric,체온이 39도 이상이거나 해열 후에도 계속 오르나요?,39도;40도;고열;해열;열,4,ER_PED,4,D_PED_003,열성경련
DQ_DEHYDRATION_001,탈수,abdominal,구토나 설사가 반복되어 물도 유지하기 어렵나요?,구토;설사;반복;물;못먹음,4,ER_GENERAL,5,D_DIG_016,중증 탈수
DQ_DEHYDRATION_002,탈수,abdominal,소변량이 크게 줄었거나 8시간 이상 소변을 보지 못했나요?,소변감소;소변안나옴;8시간;탈수,5,ER_GENERAL,5,D_DIG_016,중증 탈수
DQ_DEHYDRATION_003,탈수,abdominal,입이 마르고 어지럽거나 일어서기 힘든가요?,입마름;어지럼;기립;기운없음,4,ER_GENERAL,4,D_DIG_016,중증 탈수
DQ_DEHYDRATION_004,탈수,abdominal,피가 섞인 설사나 심한 복통·고열이 함께 있나요?,혈변;피섞인설사;복통;고열,5,ER_GENERAL,5,D_DIG_016,중증 탈수
DQ_DEHYDRATION_005,탈수,abdominal,영유아·고령자이거나 만성질환이 있나요?,영유아;고령;만성질환;기저질환,4,ER_GENERAL,4,D_DIG_016,중증 탈수
DQ_NORO_GASTRO_001,노로바이러스 의심 급성 위장염,abdominal,굴이나 해산물을 먹은 뒤 구토·설사가 시작됐나요?,굴;생굴;해산물;구토;설사,4,ER_GENERAL,5,D_DIG_004,노로바이러스 의심 급성 위장염
DQ_NORO_GASTRO_002,노로바이러스 의심 급성 위장염,abdominal,설사가 반복되거나 물처럼 나오나요?,반복설사;물설사;설사;복통,4,ER_GENERAL,4,D_DIG_004,노로바이러스 의심 급성 위장염
DQ_NORO_GASTRO_003,노로바이러스 의심 급성 위장염,abdominal,"고열이나 오한, 심한 복통이 함께 있나요?",고열;오한;복통;열,4,ER_GENERAL,4,D_DIG_004,노로바이러스 의심 급성 위장염
DQ_NORO_GASTRO_004,노로바이러스 의심 급성 위장염,abdominal,소변량이 줄거나 입이 마르고 어지러운가요?,소변감소;입마름;어지럼;탈수,5,ER_GENERAL,5,D_DIG_004,노로바이러스 의심 급성 위장염
DQ_NORO_GASTRO_005,노로바이러스 의심 급성 위장염,abdominal,피가 섞인 변이나 검은 변을 봤나요?,혈변;피섞인변;검은변;흑변,5,ER_GENERAL,5,D_DIG_004,노로바이러스 의심 급성 위장염
DQ_HEAD_INJURY_001,뇌진탕 의심 두부손상,trauma,머리를 다친 뒤 의식을 잃었거나 기억이 끊긴 적이 있나요?,머리;의식소실;기절;기억;두부손상,5,ER_TRAUMA,5,D_TRM_004,뇌진탕 의심 두부손상
DQ_HEAD_INJURY_002,뇌진탕 의심 두부손상,trauma,두통이 점점 심해지거나 반복해서 토하나요?,두통;악화;구토;반복구토;머리아픔,5,ER_TRAUMA,5,D_TRM_004,뇌진탕 의심 두부손상
DQ_HEAD_INJURY_003,뇌진탕 의심 두부손상,trauma,"말이 어눌하거나 한쪽 팔다리 힘 빠짐, 감각 이상이 있나요?",말이어눌;힘빠짐;마비;감각이상;신경증상,5,ER_NEURO,5,D_TRM_004,뇌진탕 의심 두부손상
DQ_HEAD_INJURY_004,뇌진탕 의심 두부손상,trauma,귀나 코에서 피나 맑은 액체가 나오나요?,귀출혈;코출혈;맑은액체;두개골,5,ER_TRAUMA,5,D_TRM_004,뇌진탕 의심 두부손상
DQ_HEAD_INJURY_005,뇌진탕 의심 두부손상,trauma,사다리나 높은 곳에서 떨어졌거나 강한 충격을 받았나요?,사다리;추락;높은곳;강한충격;외상,4,ER_TRAUMA,4,D_TRM_004,뇌진탕 의심 두부손상
DQ_EXP_EXP002_001,외상성 뇌손상,trauma,외상성 뇌손상와 관련된 핵심 증상이 갑자기 시작됐나요?,두부손상;의식저하;반복구토;두통악화,5,ER_TRAUMA,5,D_TRM_009,외상성 뇌손상
DQ_EXP_EXP002_002,외상성 뇌손상,trauma,"의식 저하, 실신, 심한 어지럼이 함께 있나요?",의식저하;실신;기절;어지럼,5,ER_TRAUMA,5,D_TRM_009,외상성 뇌손상
DQ_EXP_EXP002_003,외상성 뇌손상,trauma,통증이나 증상이 점점 심해지고 있나요?,악화;심해짐;극심한통증;지속,5,ER_TRAUMA,4,D_TRM_009,외상성 뇌손상
DQ_EXP_EXP002_004,외상성 뇌손상,trauma,"구토, 고열, 식은땀, 창백함 중 하나라도 동반되나요?",구토;고열;식은땀;창백,5,ER_TRAUMA,4,D_TRM_009,외상성 뇌손상
DQ_EXP_EXP002_005,외상성 뇌손상,trauma,"영유아, 고령자, 임산부이거나 심장·폐·당뇨 기저질환이 있나요?",영유아;고령;임산부;기저질환;당뇨,3,ER_TRAUMA,3,D_TRM_009,외상성 뇌손상
DQ_EXP_EXP003_001,경추손상,trauma,경추손상와 관련된 핵심 증상이 갑자기 시작됐나요?,목 다침;목 통증;팔다리 마비;추락,5,ER_TRAUMA,5,D_TRM_002,경추손상
DQ_EXP_EXP003_002,경추손상,trauma,"의식 저하, 실신, 심한 어지럼이 함께 있나요?",의식저하;실신;기절;어지럼,5,ER_TRAUMA,5,D_TRM_002,경추손상
DQ_EXP_EXP003_003,경추손상,trauma,통증이나 증상이 점점 심해지고 있나요?,악화;심해짐;극심한통증;지속,5,ER_TRAUMA,4,D_TRM_002,경추손상
DQ_EXP_EXP003_004,경추손상,trauma,"구토, 고열, 식은땀, 창백함 중 하나라도 동반되나요?",구토;고열;식은땀;창백,5,ER_TRAUMA,4,D_TRM_002,경추손상
DQ_EXP_EXP003_005,경추손상,trauma,"영유아, 고령자, 임산부이거나 심장·폐·당뇨 기저질환이 있나요?",영유아;고령;임산부;기저질환;당뇨,3,ER_TRAUMA,3,D_TRM_002,경추손상
DQ_EXP_EXP004_001,척추손상,trauma,척추손상와 관련된 핵심 증상이 갑자기 시작됐나요?,허리 외상;감각저하;마비;대소변장애,5,ER_TRAUMA,5,D_TRM_012,척추손상
DQ_EXP_EXP004_002,척추손상,trauma,"의식 저하, 실신, 심한 어지럼이 함께 있나요?",의식저하;실신;기절;어지럼,5,ER_TRAUMA,5,D_TRM_012,척추손상
DQ_EXP_EXP004_003,척추손상,trauma,통증이나 증상이 점점 심해지고 있나요?,악화;심해짐;극심한통증;지속,5,ER_TRAUMA,4,D_TRM_012,척추손상
DQ_EXP_EXP004_004,척추손상,trauma,"구토, 고열, 식은땀, 창백함 중 하나라도 동반되나요?",구토;고열;식은땀;창백,5,ER_TRAUMA,4,D_TRM_012,척추손상
DQ_EXP_EXP004_005,척추손상,trauma,"영유아, 고령자, 임산부이거나 심장·폐·당뇨 기저질환이 있나요?",영유아;고령;임산부;기저질환;당뇨,3,ER_TRAUMA,3,D_TRM_012,척추손상
DQ_EXP_EXP005_001,다발성외상,trauma,다발성외상와 관련된 핵심 증상이 갑자기 시작됐나요?,교통사고;추락;여러 부위 손상;의식저하,5,ER_TRAUMA,5,D_TRM_005,다발성외상
DQ_EXP_EXP005_002,다발성외상,trauma,"의식 저하, 실신, 심한 어지럼이 함께 있나요?",의식저하;실신;기절;어지럼,5,ER_TRAUMA,5,D_TRM_005,다발성외상
DQ_EXP_EXP005_003,다발성외상,trauma,통증이나 증상이 점점 심해지고 있나요?,악화;심해짐;극심한통증;지속,5,ER_TRAUMA,4,D_TRM_005,다발성외상
DQ_EXP_EXP005_004,다발성외상,trauma,"구토, 고열, 식은땀, 창백함 중 하나라도 동반되나요?",구토;고열;식은땀;창백,5,ER_TRAUMA,4,D_TRM_005,다발성외상
DQ_EXP_EXP005_005,다발성외상,trauma,"영유아, 고령자, 임산부이거나 심장·폐·당뇨 기저질환이 있나요?",영유아;고령;임산부;기저질환;당뇨,3,ER_TRAUMA,3,D_TRM_005,다발성외상
DQ_EXP_EXP006_001,개방성 골절,trauma,개방성 골절와 관련된 핵심 증상이 갑자기 시작됐나요?,뼈 보임;개방성 골절;출혈;변형,5,ER_TRAUMA,5,D_TRM_001,개방성 골절
DQ_EXP_EXP006_002,개방성 골절,trauma,"의식 저하, 실신, 심한 어지럼이 함께 있나요?",의식저하;실신;기절;어지럼,5,ER_TRAUMA,5,D_TRM_001,개방성 골절
DQ_EXP_EXP006_003,개방성 골절,trauma,통증이나 증상이 점점 심해지고 있나요?,악화;심해짐;극심한통증;지속,5,ER_TRAUMA,4,D_TRM_001,개방성 골절
DQ_EXP_EXP006_004,개방성 골절,trauma,"구토, 고열, 식은땀, 창백함 중 하나라도 동반되나요?",구토;고열;식은땀;창백,5,ER_TRAUMA,4,D_TRM_001,개방성 골절
DQ_EXP_EXP006_005,개방성 골절,trauma,"영유아, 고령자, 임산부이거나 심장·폐·당뇨 기저질환이 있나요?",영유아;고령;임산부;기저질환;당뇨,3,ER_TRAUMA,3,D_TRM_001,개방성 골절
DQ_EXP_EXP007_001,절단손상,trauma,절단손상와 관련된 핵심 증상이 갑자기 시작됐나요?,손가락 절단;발가락 절단;절단;압궤,5,ER_TRAUMA,5,D_TRM_011,절단손상
DQ_EXP_EXP007_002,절단손상,trauma,"의식 저하, 실신, 심한 어지럼이 함께 있나요?",의식저하;실신;기절;어지럼,5,ER_TRAUMA,5,D_TRM_011,절단손상
DQ_EXP_EXP007_003,절단손상,trauma,통증이나 증상이 점점 심해지고 있나요?,악화;심해짐;극심한통증;지속,5,ER_TRAUMA,4,D_TRM_011,절단손상
DQ_EXP_EXP007_004,절단손상,trauma,"구토, 고열, 식은땀, 창백함 중 하나라도 동반되나요?",구토;고열;식은땀;창백,5,ER_TRAUMA,4,D_TRM_011,절단손상
DQ_EXP_EXP007_005,절단손상,trauma,"영유아, 고령자, 임산부이거나 심장·폐·당뇨 기저질환이 있나요?",영유아;고령;임산부;기저질환;당뇨,3,ER_TRAUMA,3,D_TRM_011,절단손상
DQ_EXP_EXP008_001,압궤손상,trauma,압궤손상와 관련된 핵심 증상이 갑자기 시작됐나요?,끼임;눌림;압궤;붓기,5,ER_TRAUMA,5,D_TRM_007,압궤손상
DQ_EXP_EXP008_002,압궤손상,trauma,"의식 저하, 실신, 심한 어지럼이 함께 있나요?",의식저하;실신;기절;어지럼,5,ER_TRAUMA,5,D_TRM_007,압궤손상
DQ_EXP_EXP008_003,압궤손상,trauma,통증이나 증상이 점점 심해지고 있나요?,악화;심해짐;극심한통증;지속,5,ER_TRAUMA,4,D_TRM_007,압궤손상
DQ_EXP_EXP008_004,압궤손상,trauma,"구토, 고열, 식은땀, 창백함 중 하나라도 동반되나요?",구토;고열;식은땀;창백,5,ER_TRAUMA,4,D_TRM_007,압궤손상
DQ_EXP_EXP008_005,압궤손상,trauma,"영유아, 고령자, 임산부이거나 심장·폐·당뇨 기저질환이 있나요?",영유아;고령;임산부;기저질환;당뇨,3,ER_TRAUMA,3,D_TRM_007,압궤손상
DQ_EXP_EXP009_001,안면외상,trauma,안면외상와 관련된 핵심 증상이 갑자기 시작됐나요?,얼굴 다침;코피;턱 통증;시야 이상,4,ER_TRAUMA,5,D_TRM_006,안면외상
DQ_EXP_EXP009_002,안면외상,trauma,"의식 저하, 실신, 심한 어지럼이 함께 있나요?",의식저하;실신;기절;어지럼,5,ER_TRAUMA,5,D_TRM_006,안면외상
DQ_EXP_EXP009_003,안면외상,trauma,통증이나 증상이 점점 심해지고 있나요?,악화;심해짐;극심한통증;지속,4,ER_TRAUMA,4,D_TRM_006,안면외상
DQ_EXP_EXP009_004,안면외상,trauma,"구토, 고열, 식은땀, 창백함 중 하나라도 동반되나요?",구토;고열;식은땀;창백,4,ER_TRAUMA,4,D_TRM_006,안면외상
DQ_EXP_EXP009_005,안면외상,trauma,"영유아, 고령자, 임산부이거나 심장·폐·당뇨 기저질환이 있나요?",영유아;고령;임산부;기저질환;당뇨,3,ER_TRAUMA,3,D_TRM_006,안면외상
DQ_EXP_EXP011_001,폐렴 의심 고열,respiratory,폐렴 의심 고열와 관련된 핵심 증상이 갑자기 시작됐나요?,고열;기침;가래;숨참,4,ER_RESP,5,D_RESP_016,폐렴 의심 고열
DQ_EXP_EXP011_002,폐렴 의심 고열,respiratory,"의식 저하, 실신, 심한 어지럼이 함께 있나요?",의식저하;실신;기절;어지럼,5,ER_RESP,5,D_RESP_016,폐렴 의심 고열
DQ_EXP_EXP011_003,폐렴 의심 고열,respiratory,통증이나 증상이 점점 심해지고 있나요?,악화;심해짐;극심한통증;지속,4,ER_RESP,4,D_RESP_016,폐렴 의심 고열
DQ_EXP_EXP011_004,폐렴 의심 고열,respiratory,"구토, 고열, 식은땀, 창백함 중 하나라도 동반되나요?",구토;고열;식은땀;창백,4,ER_RESP,4,D_RESP_016,폐렴 의심 고열
DQ_EXP_EXP011_005,폐렴 의심 고열,respiratory,"영유아, 고령자, 임산부이거나 심장·폐·당뇨 기저질환이 있나요?",영유아;고령;임산부;기저질환;당뇨,3,ER_RESP,3,D_RESP_016,폐렴 의심 고열
DQ_EXP_EXP012_001,천식 악화,respiratory,천식 악화와 관련된 핵심 증상이 갑자기 시작됐나요?,천식;쌕쌕;흡입기;숨참,5,ER_RESP,5,D_RESP_012,천식 악화
DQ_EXP_EXP012_002,천식 악화,respiratory,"의식 저하, 실신, 심한 어지럼이 함께 있나요?",의식저하;실신;기절;어지럼,5,ER_RESP,5,D_RESP_012,천식 악화
DQ_EXP_EXP012_003,천식 악화,respiratory,통증이나 증상이 점점 심해지고 있나요?,악화;심해짐;극심한통증;지속,5,ER_RESP,4,D_RESP_012,천식 악화
DQ_EXP_EXP012_004,천식 악화,respiratory,"구토, 고열, 식은땀, 창백함 중 하나라도 동반되나요?",구토;고열;식은땀;창백,5,ER_RESP,4,D_RESP_012,천식 악화
DQ_EXP_EXP012_005,천식 악화,respiratory,"영유아, 고령자, 임산부이거나 심장·폐·당뇨 기저질환이 있나요?",영유아;고령;임산부;기저질환;당뇨,3,ER_RESP,3,D_RESP_012,천식 악화
DQ_EXP_EXP013_001,COPD 급성악화,respiratory,COPD 급성악화와 관련된 핵심 증상이 갑자기 시작됐나요?,만성폐질환;가래 증가;숨참;청색증,5,ER_RESP,5,D_RESP_001,COPD 급성악화
DQ_EXP_EXP013_002,COPD 급성악화,respiratory,"의식 저하, 실신, 심한 어지럼이 함께 있나요?",의식저하;실신;기절;어지럼,5,ER_RESP,5,D_RESP_001,COPD 급성악화
DQ_EXP_EXP013_003,COPD 급성악화,respiratory,통증이나 증상이 점점 심해지고 있나요?,악화;심해짐;극심한통증;지속,5,ER_RESP,4,D_RESP_001,COPD 급성악화
DQ_EXP_EXP013_004,COPD 급성악화,respiratory,"구토, 고열, 식은땀, 창백함 중 하나라도 동반되나요?",구토;고열;식은땀;창백,5,ER_RESP,4,D_RESP_001,COPD 급성악화
DQ_EXP_EXP013_005,COPD 급성악화,respiratory,"영유아, 고령자, 임산부이거나 심장·폐·당뇨 기저질환이 있나요?",영유아;고령;임산부;기저질환;당뇨,3,ER_RESP,3,D_RESP_001,COPD 급성악화
DQ_EXP_EXP014_001,기흉,respiratory,기흉와 관련된 핵심 증상이 갑자기 시작됐나요?,갑작스런 흉통;숨참;한쪽 가슴;마른체형,5,ER_RESP,5,D_RESP_006,기흉
DQ_EXP_EXP014_002,기흉,respiratory,"의식 저하, 실신, 심한 어지럼이 함께 있나요?",의식저하;실신;기절;어지럼,5,ER_RESP,5,D_RESP_006,기흉
DQ_EXP_EXP014_003,기흉,respiratory,통증이나 증상이 점점 심해지고 있나요?,악화;심해짐;극심한통증;지속,5,ER_RESP,4,D_RESP_006,기흉
DQ_EXP_EXP014_004,기흉,respiratory,"구토, 고열, 식은땀, 창백함 중 하나라도 동반되나요?",구토;고열;식은땀;창백,5,ER_RESP,4,D_RESP_006,기흉
DQ_EXP_EXP014_005,기흉,respiratory,"영유아, 고령자, 임산부이거나 심장·폐·당뇨 기저질환이 있나요?",영유아;고령;임산부;기저질환;당뇨,3,ER_RESP,3,D_RESP_006,기흉
DQ_EXP_EXP015_001,폐색전증,respiratory,폐색전증와 관련된 핵심 증상이 갑자기 시작됐나요?,갑작스런 숨참;흉통;다리부종;수술후,5,ER_RESP,5,D_RESP_017,폐색전증
DQ_EXP_EXP015_002,폐색전증,respiratory,"의식 저하, 실신, 심한 어지럼이 함께 있나요?",의식저하;실신;기절;어지럼,5,ER_RESP,5,D_RESP_017,폐색전증
DQ_EXP_EXP015_003,폐색전증,respiratory,통증이나 증상이 점점 심해지고 있나요?,악화;심해짐;극심한통증;지속,5,ER_RESP,4,D_RESP_017,폐색전증
DQ_EXP_EXP015_004,폐색전증,respiratory,"구토, 고열, 식은땀, 창백함 중 하나라도 동반되나요?",구토;고열;식은땀;창백,5,ER_RESP,4,D_RESP_017,폐색전증
DQ_EXP_EXP015_005,폐색전증,respiratory,"영유아, 고령자, 임산부이거나 심장·폐·당뇨 기저질환이 있나요?",영유아;고령;임산부;기저질환;당뇨,3,ER_RESP,3,D_RESP_017,폐색전증
DQ_EXP_EXP016_001,급성 심부전,cardio,급성 심부전와 관련된 핵심 증상이 갑자기 시작됐나요?,숨참;누우면 악화;다리부종;거품가래,5,ER_CARDIO,5,D_CAR_005,급성 심부전
DQ_EXP_EXP016_002,급성 심부전,cardio,"의식 저하, 실신, 심한 어지럼이 함께 있나요?",의식저하;실신;기절;어지럼,5,ER_CARDIO,5,D_CAR_005,급성 심부전
DQ_EXP_EXP016_003,급성 심부전,cardio,통증이나 증상이 점점 심해지고 있나요?,악화;심해짐;극심한통증;지속,5,ER_CARDIO,4,D_CAR_005,급성 심부전
DQ_EXP_EXP016_004,급성 심부전,cardio,"구토, 고열, 식은땀, 창백함 중 하나라도 동반되나요?",구토;고열;식은땀;창백,5,ER_CARDIO,4,D_CAR_005,급성 심부전
DQ_EXP_EXP016_005,급성 심부전,cardio,"영유아, 고령자, 임산부이거나 심장·폐·당뇨 기저질환이 있나요?",영유아;고령;임산부;기저질환;당뇨,3,ER_CARDIO,3,D_CAR_005,급성 심부전
DQ_EXP_EXP017_001,대동맥박리,cardio,대동맥박리와 관련된 핵심 증상이 갑자기 시작됐나요?,찢어지는 흉통;등 통증;혈압차;실신,5,ER_CARDIO,5,D_CAR_007,대동맥박리
DQ_EXP_EXP017_002,대동맥박리,cardio,"의식 저하, 실신, 심한 어지럼이 함께 있나요?",의식저하;실신;기절;어지럼,5,ER_CARDIO,5,D_CAR_007,대동맥박리
DQ_EXP_EXP017_003,대동맥박리,cardio,통증이나 증상이 점점 심해지고 있나요?,악화;심해짐;극심한통증;지속,5,ER_CARDIO,4,D_CAR_007,대동맥박리
DQ_EXP_EXP017_004,대동맥박리,cardio,"구토, 고열, 식은땀, 창백함 중 하나라도 동반되나요?",구토;고열;식은땀;창백,5,ER_CARDIO,4,D_CAR_007,대동맥박리
DQ_EXP_EXP017_005,대동맥박리,cardio,"영유아, 고령자, 임산부이거나 심장·폐·당뇨 기저질환이 있나요?",영유아;고령;임산부;기저질환;당뇨,3,ER_CARDIO,3,D_CAR_007,대동맥박리
DQ_EXP_EXP018_001,고혈압성 응급,cardio,고혈압성 응급와 관련된 핵심 증상이 갑자기 시작됐나요?,혈압 180;심한 두통;흉통;시야 이상,5,ER_CARDIO,5,D_CAR_002,고혈압성 응급
DQ_EXP_EXP018_002,고혈압성 응급,cardio,"의식 저하, 실신, 심한 어지럼이 함께 있나요?",의식저하;실신;기절;어지럼,5,ER_CARDIO,5,D_CAR_002,고혈압성 응급
DQ_EXP_EXP018_003,고혈압성 응급,cardio,통증이나 증상이 점점 심해지고 있나요?,악화;심해짐;극심한통증;지속,5,ER_CARDIO,4,D_CAR_002,고혈압성 응급
DQ_EXP_EXP018_004,고혈압성 응급,cardio,"구토, 고열, 식은땀, 창백함 중 하나라도 동반되나요?",구토;고열;식은땀;창백,5,ER_CARDIO,4,D_CAR_002,고혈압성 응급
DQ_EXP_EXP018_005,고혈압성 응급,cardio,"영유아, 고령자, 임산부이거나 심장·폐·당뇨 기저질환이 있나요?",영유아;고령;임산부;기저질환;당뇨,3,ER_CARDIO,3,D_CAR_002,고혈압성 응급
DQ_EXP_EXP019_001,실신,neuro,실신와 관련된 핵심 증상이 갑자기 시작됐나요?,기절;쓰러짐;의식소실;어지럼,4,ER_NEURO,5,D_NEU_006,실신
DQ_EXP_EXP019_002,실신,neuro,"의식 저하, 실신, 심한 어지럼이 함께 있나요?",의식저하;실신;기절;어지럼,5,ER_NEURO,5,D_NEU_006,실신
DQ_EXP_EXP019_003,실신,neuro,통증이나 증상이 점점 심해지고 있나요?,악화;심해짐;극심한통증;지속,4,ER_NEURO,4,D_NEU_006,실신
DQ_EXP_EXP019_004,실신,neuro,"구토, 고열, 식은땀, 창백함 중 하나라도 동반되나요?",구토;고열;식은땀;창백,4,ER_NEURO,4,D_NEU_006,실신
DQ_EXP_EXP019_005,실신,neuro,"영유아, 고령자, 임산부이거나 심장·폐·당뇨 기저질환이 있나요?",영유아;고령;임산부;기저질환;당뇨,3,ER_NEURO,3,D_NEU_006,실신
DQ_EXP_EXP020_001,경련 발작,neuro,경련 발작와 관련된 핵심 증상이 갑자기 시작됐나요?,경련;발작;거품;의식저하,5,ER_NEURO,5,D_NEU_001,경련 발작
DQ_EXP_EXP020_002,경련 발작,neuro,"의식 저하, 실신, 심한 어지럼이 함께 있나요?",의식저하;실신;기절;어지럼,5,ER_NEURO,5,D_NEU_001,경련 발작
DQ_EXP_EXP020_003,경련 발작,neuro,통증이나 증상이 점점 심해지고 있나요?,악화;심해짐;극심한통증;지속,5,ER_NEURO,4,D_NEU_001,경련 발작
DQ_EXP_EXP020_004,경련 발작,neuro,"구토, 고열, 식은땀, 창백함 중 하나라도 동반되나요?",구토;고열;식은땀;창백,5,ER_NEURO,4,D_NEU_001,경련 발작
DQ_EXP_EXP020_005,경련 발작,neuro,"영유아, 고령자, 임산부이거나 심장·폐·당뇨 기저질환이 있나요?",영유아;고령;임산부;기저질환;당뇨,3,ER_NEURO,3,D_NEU_001,경련 발작
DQ_EXP_EXP021_001,수막염 의심,neuro,목이 뻣뻣하거나 고개를 숙일 때 두통이 심해지나요?,목뻣뻣;고개숙임;두통;수막염,5,ER_NEURO,5,D_NEU_004,수막염 의심
DQ_EXP_EXP021_002,수막염 의심,neuro,"의식 저하, 실신, 심한 어지럼이 함께 있나요?",의식저하;실신;기절;어지럼,5,ER_NEURO,5,D_NEU_004,수막염 의심
DQ_EXP_EXP021_003,수막염 의심,neuro,진통제를 먹어도 심한 두통과 열이 계속되나요?,진통제;두통;고열;지속,5,ER_NEURO,4,D_NEU_004,수막염 의심
DQ_EXP_EXP021_004,수막염 의심,neuro,"구토, 고열, 식은땀, 창백함 중 하나라도 동반되나요?",구토;고열;식은땀;창백,5,ER_NEURO,4,D_NEU_004,수막염 의심
DQ_EXP_EXP021_005,수막염 의심,neuro,"영유아, 고령자, 임산부이거나 심장·폐·당뇨 기저질환이 있나요?",영유아;고령;임산부;기저질환;당뇨,3,ER_NEURO,3,D_NEU_004,수막염 의심
DQ_EXP_EXP022_001,편두통 위험징후,neuro,편두통 위험징후와 관련된 핵심 증상이 갑자기 시작됐나요?,두통;시야번쩍;구토;편측,4,ER_NEURO,5,D_NEU_010,편두통 위험징후
DQ_EXP_EXP022_002,편두통 위험징후,neuro,"의식 저하, 실신, 심한 어지럼이 함께 있나요?",의식저하;실신;기절;어지럼,5,ER_NEURO,5,D_NEU_010,편두통 위험징후
DQ_EXP_EXP022_003,편두통 위험징후,neuro,통증이나 증상이 점점 심해지고 있나요?,악화;심해짐;극심한통증;지속,4,ER_NEURO,4,D_NEU_010,편두통 위험징후
DQ_EXP_EXP022_004,편두통 위험징후,neuro,"구토, 고열, 식은땀, 창백함 중 하나라도 동반되나요?",구토;고열;식은땀;창백,4,ER_NEURO,4,D_NEU_010,편두통 위험징후
DQ_EXP_EXP022_005,편두통 위험징후,neuro,"영유아, 고령자, 임산부이거나 심장·폐·당뇨 기저질환이 있나요?",영유아;고령;임산부;기저질환;당뇨,3,ER_NEURO,3,D_NEU_010,편두통 위험징후
DQ_EXP_EXP023_001,급성 충수염,abdominal,급성 충수염와 관련된 핵심 증상이 갑자기 시작됐나요?,오른쪽 아랫배;복통;열;구토,4,ER_GENERAL,5,D_DIG_007,맹장염
DQ_EXP_EXP023_002,급성 충수염,abdominal,"의식 저하, 실신, 심한 어지럼이 함께 있나요?",의식저하;실신;기절;어지럼,5,ER_GENERAL,5,D_DIG_007,맹장염
DQ_EXP_EXP023_003,급성 충수염,abdominal,통증이나 증상이 점점 심해지고 있나요?,악화;심해짐;극심한통증;지속,4,ER_GENERAL,4,D_DIG_007,맹장염
DQ_EXP_EXP023_004,급성 충수염,abdominal,"구토, 고열, 식은땀, 창백함 중 하나라도 동반되나요?",구토;고열;식은땀;창백,4,ER_GENERAL,4,D_DIG_007,맹장염
DQ_EXP_EXP023_005,급성 충수염,abdominal,"영유아, 고령자, 임산부이거나 심장·폐·당뇨 기저질환이 있나요?",영유아;고령;임산부;기저질환;당뇨,3,ER_GENERAL,3,D_DIG_007,맹장염
DQ_EXP_EXP024_001,담낭염,abdominal,담낭염와 관련된 핵심 증상이 갑자기 시작됐나요?,오른쪽 윗배;열;구토;기름진 음식,4,ER_GENERAL,5,D_DIG_005,담낭염
DQ_EXP_EXP024_002,담낭염,abdominal,"의식 저하, 실신, 심한 어지럼이 함께 있나요?",의식저하;실신;기절;어지럼,5,ER_GENERAL,5,D_DIG_005,담낭염
DQ_EXP_EXP024_003,담낭염,abdominal,통증이나 증상이 점점 심해지고 있나요?,악화;심해짐;극심한통증;지속,4,ER_GENERAL,4,D_DIG_005,담낭염
DQ_EXP_EXP024_004,담낭염,abdominal,"구토, 고열, 식은땀, 창백함 중 하나라도 동반되나요?",구토;고열;식은땀;창백,4,ER_GENERAL,4,D_DIG_005,담낭염
DQ_EXP_EXP024_005,담낭염,abdominal,"영유아, 고령자, 임산부이거나 심장·폐·당뇨 기저질환이 있나요?",영유아;고령;임산부;기저질환;당뇨,3,ER_GENERAL,3,D_DIG_005,담낭염
DQ_EXP_EXP025_001,요로결석,urology,요로결석와 관련된 핵심 증상이 갑자기 시작됐나요?,옆구리 통증;혈뇨;구토;소변통,4,ER_GENERAL,5,D_URO_007,요로결석
DQ_EXP_EXP025_002,요로결석,urology,"의식 저하, 실신, 심한 어지럼이 함께 있나요?",의식저하;실신;기절;어지럼,5,ER_GENERAL,5,D_URO_007,요로결석
DQ_EXP_EXP025_003,요로결석,urology,통증이나 증상이 점점 심해지고 있나요?,악화;심해짐;극심한통증;지속,4,ER_GENERAL,4,D_URO_007,요로결석
DQ_EXP_EXP025_004,요로결석,urology,"구토, 고열, 식은땀, 창백함 중 하나라도 동반되나요?",구토;고열;식은땀;창백,4,ER_GENERAL,4,D_URO_007,요로결석
DQ_EXP_EXP025_005,요로결석,urology,"영유아, 고령자, 임산부이거나 심장·폐·당뇨 기저질환이 있나요?",영유아;고령;임산부;기저질환;당뇨,3,ER_GENERAL,3,D_URO_007,요로결석
DQ_EXP_EXP026_001,급성 신우신염,urology,급성 신우신염와 관련된 핵심 증상이 갑자기 시작됐나요?,고열;옆구리 통증;소변통;오한,4,ER_GENERAL,5,D_URO_002,급성 신우신염
DQ_EXP_EXP026_002,급성 신우신염,urology,"의식 저하, 실신, 심한 어지럼이 함께 있나요?",의식저하;실신;기절;어지럼,5,ER_GENERAL,5,D_URO_002,급성 신우신염
DQ_EXP_EXP026_003,급성 신우신염,urology,통증이나 증상이 점점 심해지고 있나요?,악화;심해짐;극심한통증;지속,4,ER_GENERAL,4,D_URO_002,급성 신우신염
DQ_EXP_EXP026_004,급성 신우신염,urology,"구토, 고열, 식은땀, 창백함 중 하나라도 동반되나요?",구토;고열;식은땀;창백,4,ER_GENERAL,4,D_URO_002,급성 신우신염
DQ_EXP_EXP026_005,급성 신우신염,urology,"영유아, 고령자, 임산부이거나 심장·폐·당뇨 기저질환이 있나요?",영유아;고령;임산부;기저질환;당뇨,3,ER_GENERAL,3,D_URO_002,급성 신우신염
DQ_EXP_EXP027_001,고환염전,urology,고환염전와 관련된 핵심 증상이 갑자기 시작됐나요?,고환통;갑작스런 통증;붓기;구토,5,ER_GENERAL,5,D_URO_001,고환염전
DQ_EXP_EXP027_002,고환염전,urology,"의식 저하, 실신, 심한 어지럼이 함께 있나요?",의식저하;실신;기절;어지럼,5,ER_GENERAL,5,D_URO_001,고환염전
DQ_EXP_EXP027_003,고환염전,urology,통증이나 증상이 점점 심해지고 있나요?,악화;심해짐;극심한통증;지속,5,ER_GENERAL,4,D_URO_001,고환염전
DQ_EXP_EXP027_004,고환염전,urology,"구토, 고열, 식은땀, 창백함 중 하나라도 동반되나요?",구토;고열;식은땀;창백,5,ER_GENERAL,4,D_URO_001,고환염전
DQ_EXP_EXP027_005,고환염전,urology,"영유아, 고령자, 임산부이거나 심장·폐·당뇨 기저질환이 있나요?",영유아;고령;임산부;기저질환;당뇨,3,ER_GENERAL,3,D_URO_001,고환염전
DQ_EXP_EXP029_001,식중독,abdominal,식중독와 관련된 핵심 증상이 갑자기 시작됐나요?,상한 음식;구토;설사;복통,4,ER_GENERAL,5,D_DIG_010,식중독
DQ_EXP_EXP029_002,식중독,abdominal,"의식 저하, 실신, 심한 어지럼이 함께 있나요?",의식저하;실신;기절;어지럼,5,ER_GENERAL,5,D_DIG_010,식중독
DQ_EXP_EXP029_003,식중독,abdominal,통증이나 증상이 점점 심해지고 있나요?,악화;심해짐;극심한통증;지속,4,ER_GENERAL,4,D_DIG_010,식중독
DQ_EXP_EXP029_004,식중독,abdominal,"구토, 고열, 식은땀, 창백함 중 하나라도 동반되나요?",구토;고열;식은땀;창백,4,ER_GENERAL,4,D_DIG_010,식중독
DQ_EXP_EXP029_005,식중독,abdominal,"영유아, 고령자, 임산부이거나 심장·폐·당뇨 기저질환이 있나요?",영유아;고령;임산부;기저질환;당뇨,3,ER_GENERAL,3,D_DIG_010,식중독
DQ_EXP_EXP030_001,중증 탈수,abdominal,소변량이 줄거나 입이 마르고 어지러운가요?,소변감소;입마름;어지럼;반복구토,5,ER_GENERAL,5,D_DIG_016,중증 탈수
DQ_EXP_EXP030_002,중증 탈수,abdominal,"의식 저하, 실신, 심한 어지럼이 함께 있나요?",의식저하;실신;기절;어지럼,5,ER_GENERAL,5,D_DIG_016,중증 탈수
DQ_EXP_EXP030_003,중증 탈수,abdominal,설사나 구토가 반복되면서 물을 마셔도 버티기 힘든가요?,설사;구토;반복;지속,5,ER_GENERAL,4,D_DIG_016,중증 탈수
DQ_EXP_EXP030_004,중증 탈수,abdominal,"구토, 고열, 식은땀, 창백함 중 하나라도 동반되나요?",구토;고열;식은땀;창백,5,ER_GENERAL,4,D_DIG_016,중증 탈수
DQ_EXP_EXP030_005,중증 탈수,abdominal,"영유아, 고령자, 임산부이거나 심장·폐·당뇨 기저질환이 있나요?",영유아;고령;임산부;기저질환;당뇨,3,ER_GENERAL,3,D_DIG_016,중증 탈수
DQ_EXP_EXP031_001,저혈당,toxic,저혈당와 관련된 핵심 증상이 갑자기 시작됐나요?,당뇨;식은땀;손떨림;의식저하,5,ER_GENERAL,5,D_TOX_012,저혈당
DQ_EXP_EXP031_002,저혈당,toxic,"의식 저하, 실신, 심한 어지럼이 함께 있나요?",의식저하;실신;기절;어지럼,5,ER_GENERAL,5,D_TOX_012,저혈당
DQ_EXP_EXP031_003,저혈당,toxic,통증이나 증상이 점점 심해지고 있나요?,악화;심해짐;극심한통증;지속,5,ER_GENERAL,4,D_TOX_012,저혈당
DQ_EXP_EXP031_004,저혈당,toxic,"구토, 고열, 식은땀, 창백함 중 하나라도 동반되나요?",구토;고열;식은땀;창백,5,ER_GENERAL,4,D_TOX_012,저혈당
DQ_EXP_EXP031_005,저혈당,toxic,"영유아, 고령자, 임산부이거나 심장·폐·당뇨 기저질환이 있나요?",영유아;고령;임산부;기저질환;당뇨,3,ER_GENERAL,3,D_TOX_012,저혈당
DQ_EXP_EXP032_001,고혈당성 응급,toxic,고혈당성 응급와 관련된 핵심 증상이 갑자기 시작됐나요?,당뇨;혈당 높음;구토;복통,5,ER_GENERAL,5,D_TOX_002,고혈당성 응급
DQ_EXP_EXP032_002,고혈당성 응급,toxic,"의식 저하, 실신, 심한 어지럼이 함께 있나요?",의식저하;실신;기절;어지럼,5,ER_GENERAL,5,D_TOX_002,고혈당성 응급
DQ_EXP_EXP032_003,고혈당성 응급,toxic,통증이나 증상이 점점 심해지고 있나요?,악화;심해짐;극심한통증;지속,5,ER_GENERAL,4,D_TOX_002,고혈당성 응급
DQ_EXP_EXP032_004,고혈당성 응급,toxic,"구토, 고열, 식은땀, 창백함 중 하나라도 동반되나요?",구토;고열;식은땀;창백,5,ER_GENERAL,4,D_TOX_002,고혈당성 응급
DQ_EXP_EXP032_005,고혈당성 응급,toxic,"영유아, 고령자, 임산부이거나 심장·폐·당뇨 기저질환이 있나요?",영유아;고령;임산부;기저질환;당뇨,3,ER_GENERAL,3,D_TOX_002,고혈당성 응급
DQ_EXP_EXP033_001,패혈증 의심,infection,패혈증 의심와 관련된 핵심 증상이 갑자기 시작됐나요?,고열;저체온;의식저하;호흡빠름,5,ER_GENERAL,5,D_INF_001,패혈증 의심
DQ_EXP_EXP033_002,패혈증 의심,infection,"의식 저하, 실신, 심한 어지럼이 함께 있나요?",의식저하;실신;기절;어지럼,5,ER_GENERAL,5,D_INF_001,패혈증 의심
DQ_EXP_EXP033_003,패혈증 의심,infection,통증이나 증상이 점점 심해지고 있나요?,악화;심해짐;극심한통증;지속,5,ER_GENERAL,4,D_INF_001,패혈증 의심
DQ_EXP_EXP033_004,패혈증 의심,infection,"구토, 고열, 식은땀, 창백함 중 하나라도 동반되나요?",구토;고열;식은땀;창백,5,ER_GENERAL,4,D_INF_001,패혈증 의심
DQ_EXP_EXP033_005,패혈증 의심,infection,"영유아, 고령자, 임산부이거나 심장·폐·당뇨 기저질환이 있나요?",영유아;고령;임산부;기저질환;당뇨,3,ER_GENERAL,3,D_INF_001,패혈증 의심
DQ_EXP_EXP034_001,열성경련,pediatric,열성경련와 관련된 핵심 증상이 갑자기 시작됐나요?,아이 고열;경련;발작;의식,5,ER_PED,5,D_PED_003,열성경련
DQ_EXP_EXP034_002,열성경련,pediatric,"의식 저하, 실신, 심한 어지럼이 함께 있나요?",의식저하;실신;기절;어지럼,5,ER_PED,5,D_PED_003,열성경련
DQ_EXP_EXP034_003,열성경련,pediatric,통증이나 증상이 점점 심해지고 있나요?,악화;심해짐;극심한통증;지속,5,ER_PED,4,D_PED_003,열성경련
DQ_EXP_EXP034_004,열성경련,pediatric,"구토, 고열, 식은땀, 창백함 중 하나라도 동반되나요?",구토;고열;식은땀;창백,5,ER_PED,4,D_PED_003,열성경련
DQ_EXP_EXP034_005,열성경련,pediatric,"영유아, 고령자, 임산부이거나 심장·폐·당뇨 기저질환이 있나요?",영유아;고령;임산부;기저질환;당뇨,3,ER_PED,3,D_PED_003,열성경련
DQ_EXP_EXP035_001,영아 호흡곤란,pediatric,영아 호흡곤란와 관련된 핵심 증상이 갑자기 시작됐나요?,아기;숨참;쌕쌕;청색증,5,ER_PED,5,D_PED_004,영아 호흡곤란
DQ_EXP_EXP035_002,영아 호흡곤란,pediatric,"의식 저하, 실신, 심한 어지럼이 함께 있나요?",의식저하;실신;기절;어지럼,5,ER_PED,5,D_PED_004,영아 호흡곤란
DQ_EXP_EXP035_003,영아 호흡곤란,pediatric,통증이나 증상이 점점 심해지고 있나요?,악화;심해짐;극심한통증;지속,5,ER_PED,4,D_PED_004,영아 호흡곤란
DQ_EXP_EXP035_004,영아 호흡곤란,pediatric,"구토, 고열, 식은땀, 창백함 중 하나라도 동반되나요?",구토;고열;식은땀;창백,5,ER_PED,4,D_PED_004,영아 호흡곤란
DQ_EXP_EXP035_005,영아 호흡곤란,pediatric,"영유아, 고령자, 임산부이거나 심장·폐·당뇨 기저질환이 있나요?",영유아;고령;임산부;기저질환;당뇨,3,ER_PED,3,D_PED_004,영아 호흡곤란
DQ_EXP_EXP036_001,소아 탈수,pediatric,소아 탈수와 관련된 핵심 증상이 갑자기 시작됐나요?,아이 설사;구토;소변감소;눈물없음,4,ER_PED,5,D_PED_002,소아 탈수
DQ_EXP_EXP036_002,소아 탈수,pediatric,"의식 저하, 실신, 심한 어지럼이 함께 있나요?",의식저하;실신;기절;어지럼,5,ER_PED,5,D_PED_002,소아 탈수
DQ_EXP_EXP036_003,소아 탈수,pediatric,통증이나 증상이 점점 심해지고 있나요?,악화;심해짐;극심한통증;지속,4,ER_PED,4,D_PED_002,소아 탈수
DQ_EXP_EXP036_004,소아 탈수,pediatric,"구토, 고열, 식은땀, 창백함 중 하나라도 동반되나요?",구토;고열;식은땀;창백,4,ER_PED,4,D_PED_002,소아 탈수
DQ_EXP_EXP036_005,소아 탈수,pediatric,"영유아, 고령자, 임산부이거나 심장·폐·당뇨 기저질환이 있나요?",영유아;고령;임산부;기저질환;당뇨,3,ER_PED,3,D_PED_002,소아 탈수
DQ_EXP_EXP037_001,임신 중 복통출혈,obgy,임신 중 복통출혈와 관련된 핵심 증상이 갑자기 시작됐나요?,임신;복통;질출혈;어지럼,5,ER_OBGY,5,D_OBG_004,임신 중 복통출혈
DQ_EXP_EXP037_002,임신 중 복통출혈,obgy,"의식 저하, 실신, 심한 어지럼이 함께 있나요?",의식저하;실신;기절;어지럼,5,ER_OBGY,5,D_OBG_004,임신 중 복통출혈
DQ_EXP_EXP037_003,임신 중 복통출혈,obgy,통증이나 증상이 점점 심해지고 있나요?,악화;심해짐;극심한통증;지속,5,ER_OBGY,4,D_OBG_004,임신 중 복통출혈
DQ_EXP_EXP037_004,임신 중 복통출혈,obgy,"구토, 고열, 식은땀, 창백함 중 하나라도 동반되나요?",구토;고열;식은땀;창백,5,ER_OBGY,4,D_OBG_004,임신 중 복통출혈
DQ_EXP_EXP037_005,임신 중 복통출혈,obgy,"영유아, 고령자, 임산부이거나 심장·폐·당뇨 기저질환이 있나요?",영유아;고령;임산부;기저질환;당뇨,3,ER_OBGY,3,D_OBG_004,임신 중 복통출혈
DQ_EXP_EXP038_001,자궁외임신 의심,obgy,자궁외임신 의심와 관련된 핵심 증상이 갑자기 시작됐나요?,임신초기;아랫배통증;질출혈;어지럼,5,ER_OBGY,5,D_OBG_005,자궁외임신 의심
DQ_EXP_EXP038_002,자궁외임신 의심,obgy,"의식 저하, 실신, 심한 어지럼이 함께 있나요?",의식저하;실신;기절;어지럼,5,ER_OBGY,5,D_OBG_005,자궁외임신 의심
DQ_EXP_EXP038_003,자궁외임신 의심,obgy,통증이나 증상이 점점 심해지고 있나요?,악화;심해짐;극심한통증;지속,5,ER_OBGY,4,D_OBG_005,자궁외임신 의심
DQ_EXP_EXP038_004,자궁외임신 의심,obgy,"구토, 고열, 식은땀, 창백함 중 하나라도 동반되나요?",구토;고열;식은땀;창백,5,ER_OBGY,4,D_OBG_005,자궁외임신 의심
DQ_EXP_EXP038_005,자궁외임신 의심,obgy,"영유아, 고령자, 임산부이거나 심장·폐·당뇨 기저질환이 있나요?",영유아;고령;임산부;기저질환;당뇨,3,ER_OBGY,3,D_OBG_005,자궁외임신 의심
DQ_EXP_EXP039_001,분만 임박,obgy,분만 임박와 관련된 핵심 증상이 갑자기 시작됐나요?,진통;양수;출산;규칙적 통증,5,ER_OBGY,5,D_OBG_001,분만 임박
DQ_EXP_EXP039_002,분만 임박,obgy,"의식 저하, 실신, 심한 어지럼이 함께 있나요?",의식저하;실신;기절;어지럼,5,ER_OBGY,5,D_OBG_001,분만 임박
DQ_EXP_EXP039_003,분만 임박,obgy,통증이나 증상이 점점 심해지고 있나요?,악화;심해짐;극심한통증;지속,5,ER_OBGY,4,D_OBG_001,분만 임박
DQ_EXP_EXP039_004,분만 임박,obgy,"구토, 고열, 식은땀, 창백함 중 하나라도 동반되나요?",구토;고열;식은땀;창백,5,ER_OBGY,4,D_OBG_001,분만 임박
DQ_EXP_EXP039_005,분만 임박,obgy,"영유아, 고령자, 임산부이거나 심장·폐·당뇨 기저질환이 있나요?",영유아;고령;임산부;기저질환;당뇨,3,ER_OBGY,3,D_OBG_001,분만 임박
DQ_EXP_EXP040_001,자살위험,psychiatric,자살위험와 관련된 핵심 증상이 갑자기 시작됐나요?,자살;죽고싶다;약 먹음;자해,5,ER_GENERAL,5,D_PSY_006,자살위험
DQ_EXP_EXP040_002,자살위험,psychiatric,"의식 저하, 실신, 심한 어지럼이 함께 있나요?",의식저하;실신;기절;어지럼,5,ER_GENERAL,5,D_PSY_006,자살위험
DQ_EXP_EXP040_003,자살위험,psychiatric,통증이나 증상이 점점 심해지고 있나요?,악화;심해짐;극심한통증;지속,5,ER_GENERAL,4,D_PSY_006,자살위험
DQ_EXP_EXP040_004,자살위험,psychiatric,"구토, 고열, 식은땀, 창백함 중 하나라도 동반되나요?",구토;고열;식은땀;창백,5,ER_GENERAL,4,D_PSY_006,자살위험
DQ_EXP_EXP040_005,자살위험,psychiatric,"영유아, 고령자, 임산부이거나 심장·폐·당뇨 기저질환이 있나요?",영유아;고령;임산부;기저질환;당뇨,3,ER_GENERAL,3,D_PSY_006,자살위험
DQ_EXP_EXP041_001,공황발작,psychiatric,공황발작와 관련된 핵심 증상이 갑자기 시작됐나요?,공황;숨막힘;두근거림;죽을 것 같음,4,ER_GENERAL,5,D_PSY_001,공황발작
DQ_EXP_EXP041_002,공황발작,psychiatric,"의식 저하, 실신, 심한 어지럼이 함께 있나요?",의식저하;실신;기절;어지럼,5,ER_GENERAL,5,D_PSY_001,공황발작
DQ_EXP_EXP041_003,공황발작,psychiatric,통증이나 증상이 점점 심해지고 있나요?,악화;심해짐;극심한통증;지속,4,ER_GENERAL,4,D_PSY_001,공황발작
DQ_EXP_EXP041_004,공황발작,psychiatric,"구토, 고열, 식은땀, 창백함 중 하나라도 동반되나요?",구토;고열;식은땀;창백,4,ER_GENERAL,4,D_PSY_001,공황발작
DQ_EXP_EXP041_005,공황발작,psychiatric,"영유아, 고령자, 임산부이거나 심장·폐·당뇨 기저질환이 있나요?",영유아;고령;임산부;기저질환;당뇨,3,ER_GENERAL,3,D_PSY_001,공황발작
DQ_EXP_EXP042_001,섬망 의심,psychiatric,섬망 의심와 관련된 핵심 증상이 갑자기 시작됐나요?,갑자기 이상행동;혼돈;고령;의식변화,4,ER_GENERAL,5,D_PSY_004,섬망 의심
DQ_EXP_EXP042_002,섬망 의심,psychiatric,"의식 저하, 실신, 심한 어지럼이 함께 있나요?",의식저하;실신;기절;어지럼,5,ER_GENERAL,5,D_PSY_004,섬망 의심
DQ_EXP_EXP042_003,섬망 의심,psychiatric,통증이나 증상이 점점 심해지고 있나요?,악화;심해짐;극심한통증;지속,4,ER_GENERAL,4,D_PSY_004,섬망 의심
DQ_EXP_EXP042_004,섬망 의심,psychiatric,"구토, 고열, 식은땀, 창백함 중 하나라도 동반되나요?",구토;고열;식은땀;창백,4,ER_GENERAL,4,D_PSY_004,섬망 의심
DQ_EXP_EXP042_005,섬망 의심,psychiatric,"영유아, 고령자, 임산부이거나 심장·폐·당뇨 기저질환이 있나요?",영유아;고령;임산부;기저질환;당뇨,3,ER_GENERAL,3,D_PSY_004,섬망 의심
DQ_EXP_EXP043_001,눈 화학손상,eye,눈 화학손상와 관련된 핵심 증상이 갑자기 시작됐나요?,락스 눈;화학물질 눈;눈 통증;시야 이상,5,ER_GENERAL,5,D_EYE_004,눈 화학손상
DQ_EXP_EXP043_002,눈 화학손상,eye,"의식 저하, 실신, 심한 어지럼이 함께 있나요?",의식저하;실신;기절;어지럼,5,ER_GENERAL,5,D_EYE_004,눈 화학손상
DQ_EXP_EXP043_003,눈 화학손상,eye,통증이나 증상이 점점 심해지고 있나요?,악화;심해짐;극심한통증;지속,5,ER_GENERAL,4,D_EYE_004,눈 화학손상
DQ_EXP_EXP043_004,눈 화학손상,eye,"구토, 고열, 식은땀, 창백함 중 하나라도 동반되나요?",구토;고열;식은땀;창백,5,ER_GENERAL,4,D_EYE_004,눈 화학손상
DQ_EXP_EXP043_005,눈 화학손상,eye,"영유아, 고령자, 임산부이거나 심장·폐·당뇨 기저질환이 있나요?",영유아;고령;임산부;기저질환;당뇨,3,ER_GENERAL,3,D_EYE_004,눈 화학손상
DQ_EXP_EXP044_001,망막박리 의심,eye,망막박리 의심와 관련된 핵심 증상이 갑자기 시작됐나요?,번쩍임;날파리;시야 가림;갑작스런 시력저하,4,ER_GENERAL,5,D_EYE_005,망막박리 의심
DQ_EXP_EXP044_002,망막박리 의심,eye,"의식 저하, 실신, 심한 어지럼이 함께 있나요?",의식저하;실신;기절;어지럼,5,ER_GENERAL,5,D_EYE_005,망막박리 의심
DQ_EXP_EXP044_003,망막박리 의심,eye,통증이나 증상이 점점 심해지고 있나요?,악화;심해짐;극심한통증;지속,4,ER_GENERAL,4,D_EYE_005,망막박리 의심
DQ_EXP_EXP044_004,망막박리 의심,eye,"구토, 고열, 식은땀, 창백함 중 하나라도 동반되나요?",구토;고열;식은땀;창백,4,ER_GENERAL,4,D_EYE_005,망막박리 의심
DQ_EXP_EXP044_005,망막박리 의심,eye,"영유아, 고령자, 임산부이거나 심장·폐·당뇨 기저질환이 있나요?",영유아;고령;임산부;기저질환;당뇨,3,ER_GENERAL,3,D_EYE_005,망막박리 의심
DQ_EXP_EXP045_001,각막손상,eye,각막손상와 관련된 핵심 증상이 갑자기 시작됐나요?,눈 찔림;이물감;통증;눈물,4,ER_GENERAL,5,D_EYE_001,각막손상
DQ_EXP_EXP045_002,각막손상,eye,"의식 저하, 실신, 심한 어지럼이 함께 있나요?",의식저하;실신;기절;어지럼,5,ER_GENERAL,5,D_EYE_001,각막손상
DQ_EXP_EXP045_003,각막손상,eye,통증이나 증상이 점점 심해지고 있나요?,악화;심해짐;극심한통증;지속,4,ER_GENERAL,4,D_EYE_001,각막손상
DQ_EXP_EXP045_004,각막손상,eye,"구토, 고열, 식은땀, 창백함 중 하나라도 동반되나요?",구토;고열;식은땀;창백,4,ER_GENERAL,4,D_EYE_001,각막손상
DQ_EXP_EXP045_005,각막손상,eye,"영유아, 고령자, 임산부이거나 심장·폐·당뇨 기저질환이 있나요?",영유아;고령;임산부;기저질환;당뇨,3,ER_GENERAL,3,D_EYE_001,각막손상
DQ_EXP_EXP046_001,기도 이물,foreign_body,기도 이물와 관련된 핵심 증상이 갑자기 시작됐나요?,목에 걸림;음식물;말 못함;기침 못함,5,ER_GENERAL,5,D_FB_002,기도 이물
DQ_EXP_EXP046_002,기도 이물,foreign_body,"의식 저하, 실신, 심한 어지럼이 함께 있나요?",의식저하;실신;기절;어지럼,5,ER_GENERAL,5,D_FB_002,기도 이물
DQ_EXP_EXP046_003,기도 이물,foreign_body,통증이나 증상이 점점 심해지고 있나요?,악화;심해짐;극심한통증;지속,5,ER_GENERAL,4,D_FB_002,기도 이물
DQ_EXP_EXP046_004,기도 이물,foreign_body,"구토, 고열, 식은땀, 창백함 중 하나라도 동반되나요?",구토;고열;식은땀;창백,5,ER_GENERAL,4,D_FB_002,기도 이물
DQ_EXP_EXP046_005,기도 이물,foreign_body,"영유아, 고령자, 임산부이거나 심장·폐·당뇨 기저질환이 있나요?",영유아;고령;임산부;기저질환;당뇨,3,ER_GENERAL,3,D_FB_002,기도 이물
DQ_EXP_EXP047_001,식도 이물,foreign_body,식도 이물와 관련된 핵심 증상이 갑자기 시작됐나요?,삼킴곤란;생선가시;목통증;침흘림,4,ER_GENERAL,5,D_FB_004,식도 이물
DQ_EXP_EXP047_002,식도 이물,foreign_body,"의식 저하, 실신, 심한 어지럼이 함께 있나요?",의식저하;실신;기절;어지럼,5,ER_GENERAL,5,D_FB_004,식도 이물
DQ_EXP_EXP047_003,식도 이물,foreign_body,통증이나 증상이 점점 심해지고 있나요?,악화;심해짐;극심한통증;지속,4,ER_GENERAL,4,D_FB_004,식도 이물
DQ_EXP_EXP047_004,식도 이물,foreign_body,"구토, 고열, 식은땀, 창백함 중 하나라도 동반되나요?",구토;고열;식은땀;창백,4,ER_GENERAL,4,D_FB_004,식도 이물
DQ_EXP_EXP047_005,식도 이물,foreign_body,"영유아, 고령자, 임산부이거나 심장·폐·당뇨 기저질환이 있나요?",영유아;고령;임산부;기저질환;당뇨,3,ER_GENERAL,3,D_FB_004,식도 이물
DQ_EXP_EXP049_001,혈관부종,allergy,혈관부종와 관련된 핵심 증상이 갑자기 시작됐나요?,입술부음;혀부음;목조임;약물,5,ER_GENERAL,5,D_ALG_004,혈관부종
DQ_EXP_EXP049_002,혈관부종,allergy,"의식 저하, 실신, 심한 어지럼이 함께 있나요?",의식저하;실신;기절;어지럼,5,ER_GENERAL,5,D_ALG_004,혈관부종
DQ_EXP_EXP049_003,혈관부종,allergy,통증이나 증상이 점점 심해지고 있나요?,악화;심해짐;극심한통증;지속,5,ER_GENERAL,4,D_ALG_004,혈관부종
DQ_EXP_EXP049_004,혈관부종,allergy,"구토, 고열, 식은땀, 창백함 중 하나라도 동반되나요?",구토;고열;식은땀;창백,5,ER_GENERAL,4,D_ALG_004,혈관부종
DQ_EXP_EXP049_005,혈관부종,allergy,"영유아, 고령자, 임산부이거나 심장·폐·당뇨 기저질환이 있나요?",영유아;고령;임산부;기저질환;당뇨,3,ER_GENERAL,3,D_ALG_004,혈관부종
DQ_EXP_EXP054_001,알코올중독,toxic,알코올중독와 관련된 핵심 증상이 갑자기 시작됐나요?,술;의식저하;구토;호흡느림,4,ER_GENERAL,5,D_TOX_007,알코올중독
DQ_EXP_EXP054_002,알코올중독,toxic,"의식 저하, 실신, 심한 어지럼이 함께 있나요?",의식저하;실신;기절;어지럼,5,ER_GENERAL,5,D_TOX_007,알코올중독
DQ_EXP_EXP054_003,알코올중독,toxic,통증이나 증상이 점점 심해지고 있나요?,악화;심해짐;극심한통증;지속,4,ER_GENERAL,4,D_TOX_007,알코올중독
DQ_EXP_EXP054_004,알코올중독,toxic,"구토, 고열, 식은땀, 창백함 중 하나라도 동반되나요?",구토;고열;식은땀;창백,4,ER_GENERAL,4,D_TOX_007,알코올중독
DQ_EXP_EXP054_005,알코올중독,toxic,"영유아, 고령자, 임산부이거나 심장·폐·당뇨 기저질환이 있나요?",영유아;고령;임산부;기저질환;당뇨,3,ER_GENERAL,3,D_TOX_007,알코올중독
DQ_COMMON_001_001,감기,respiratory,열이 38도 이상으로 오르거나 숨쉬기 힘든가요?,38도;고열;숨참;호흡곤란,3,ER_GENERAL,5,D_RESP_002,감기
DQ_COMMON_001_002,감기,respiratory,"콧물, 기침, 목아픔이 1주 이상 지속되나요?",콧물;기침;목아픔;1주,2,ER_GENERAL,4,D_RESP_002,감기
DQ_COMMON_001_003,감기,respiratory,누런 가래나 가슴 통증이 함께 있나요?,누런가래;가슴통증;흉통;가래,3,ER_GENERAL,4,D_RESP_002,감기
DQ_COMMON_002_001,독감,respiratory,38도 이상의 고열과 심한 몸살이 갑자기 시작됐나요?,38도;39도;고열;몸살,4,ER_GENERAL,5,D_RESP_007,독감
DQ_COMMON_002_002,독감,respiratory,숨이 차거나 가슴 통증이 동반되나요?,숨참;호흡곤란;가슴통증;흉통,5,ER_GENERAL,5,D_RESP_007,독감
DQ_COMMON_002_003,독감,respiratory,"고령자, 임산부, 만성질환자이거나 증상이 빠르게 악화되나요?",고령;임산부;만성질환;악화,4,ER_GENERAL,4,D_RESP_007,독감
DQ_COMMON_003_001,코로나19,respiratory,후각이나 미각이 떨어지고 열 또는 기침이 있나요?,후각저하;미각저하;열;기침,3,ER_GENERAL,5,D_RESP_013,코로나19
DQ_COMMON_003_002,코로나19,respiratory,숨이 차거나 산소가 부족한 느낌이 있나요?,숨참;호흡곤란;산소;가슴답답,5,ER_GENERAL,5,D_RESP_013,코로나19
DQ_COMMON_003_003,코로나19,respiratory,확진자 접촉이나 최근 유행 노출이 있었나요?,확진자;접촉;유행;노출,2,ER_GENERAL,4,D_RESP_013,코로나19
DQ_COMMON_004_001,편도염,respiratory,침 삼키기 힘들 정도로 목 통증이 심한가요?,침삼킴곤란;목통증;인후통;편도,3,ER_GENERAL,5,D_RESP_014,편도염
DQ_COMMON_004_002,편도염,respiratory,편도에 하얀 분비물이나 고열이 있나요?,편도;하얀분비물;고열;열,4,ER_GENERAL,4,D_RESP_014,편도염
DQ_COMMON_004_003,편도염,respiratory,숨쉬기 어렵거나 목이 심하게 붓는 느낌이 있나요?,숨쉬기어려움;목부음;호흡곤란;부종,5,ER_GENERAL,5,D_RESP_014,편도염
DQ_COMMON_005_001,기관지염,respiratory,증상이 갑자기 심해졌거나 빠르게 악화되고 있나요?,악화;심해짐;갑자기;지속,3,ER_GENERAL,4,D_RESP_004,기관지염
DQ_COMMON_005_002,기관지염,respiratory,"고열, 심한 통증, 숨참, 의식 저하 중 하나라도 동반되나요?",고열;심한통증;숨참;의식저하,4,ER_GENERAL,5,D_RESP_004,기관지염
DQ_COMMON_005_003,기관지염,respiratory,증상이 3일 이상 지속되거나 반복되고 있나요?,3일;지속;반복;재발,2,ER_GENERAL,3,D_RESP_004,기관지염
DQ_COMMON_006_001,폐렴,respiratory,증상이 갑자기 심해졌거나 빠르게 악화되고 있나요?,악화;심해짐;갑자기;지속,3,ER_GENERAL,4,D_RESP_015,폐렴
DQ_COMMON_006_002,폐렴,respiratory,"고열, 심한 통증, 숨참, 의식 저하 중 하나라도 동반되나요?",고열;심한통증;숨참;의식저하,4,ER_GENERAL,5,D_RESP_015,폐렴
DQ_COMMON_006_003,폐렴,respiratory,증상이 3일 이상 지속되거나 반복되고 있나요?,3일;지속;반복;재발,2,ER_GENERAL,3,D_RESP_015,폐렴
DQ_COMMON_007_001,천식,respiratory,증상이 갑자기 심해졌거나 빠르게 악화되고 있나요?,악화;심해짐;갑자기;지속,3,ER_GENERAL,4,D_RESP_011,천식
DQ_COMMON_007_002,천식,respiratory,"고열, 심한 통증, 숨참, 의식 저하 중 하나라도 동반되나요?",고열;심한통증;숨참;의식저하,4,ER_GENERAL,5,D_RESP_011,천식
DQ_COMMON_007_003,천식,respiratory,증상이 3일 이상 지속되거나 반복되고 있나요?,3일;지속;반복;재발,2,ER_GENERAL,3,D_RESP_011,천식
DQ_COMMON_008_001,알레르기 비염,respiratory,증상이 갑자기 심해졌거나 빠르게 악화되고 있나요?,악화;심해짐;갑자기;지속,3,ER_GENERAL,4,D_RESP_008,알레르기 비염
DQ_COMMON_008_002,알레르기 비염,respiratory,"고열, 심한 통증, 숨참, 의식 저하 중 하나라도 동반되나요?",고열;심한통증;숨참;의식저하,4,ER_GENERAL,5,D_RESP_008,알레르기 비염
DQ_COMMON_008_003,알레르기 비염,respiratory,증상이 3일 이상 지속되거나 반복되고 있나요?,3일;지속;반복;재발,2,ER_GENERAL,3,D_RESP_008,알레르기 비염
DQ_COMMON_009_001,중이염,ent,증상이 갑자기 심해졌거나 빠르게 악화되고 있나요?,악화;심해짐;갑자기;지속,3,ER_GENERAL,4,D_ENT_001,중이염
DQ_COMMON_009_002,중이염,ent,"고열, 심한 통증, 숨참, 의식 저하 중 하나라도 동반되나요?",고열;심한통증;숨참;의식저하,4,ER_GENERAL,5,D_ENT_001,중이염
DQ_COMMON_009_003,중이염,ent,증상이 3일 이상 지속되거나 반복되고 있나요?,3일;지속;반복;재발,2,ER_GENERAL,3,D_ENT_001,중이염
DQ_COMMON_010_001,결막염,eye,증상이 갑자기 심해졌거나 빠르게 악화되고 있나요?,악화;심해짐;갑자기;지속,3,ER_GENERAL,4,D_EYE_002,결막염
DQ_COMMON_010_002,결막염,eye,"고열, 심한 통증, 숨참, 의식 저하 중 하나라도 동반되나요?",고열;심한통증;숨참;의식저하,4,ER_GENERAL,5,D_EYE_002,결막염
DQ_COMMON_010_003,결막염,eye,증상이 3일 이상 지속되거나 반복되고 있나요?,3일;지속;반복;재발,2,ER_GENERAL,3,D_EYE_002,결막염
DQ_COMMON_011_001,편두통,neuro,증상이 갑자기 심해졌거나 빠르게 악화되고 있나요?,악화;심해짐;갑자기;지속,3,ER_GENERAL,4,D_NEU_009,편두통
DQ_COMMON_011_002,편두통,neuro,"고열, 심한 통증, 숨참, 의식 저하 중 하나라도 동반되나요?",고열;심한통증;숨참;의식저하,4,ER_GENERAL,5,D_NEU_009,편두통
DQ_COMMON_011_003,편두통,neuro,증상이 3일 이상 지속되거나 반복되고 있나요?,3일;지속;반복;재발,2,ER_GENERAL,3,D_NEU_009,편두통
DQ_COMMON_012_001,긴장성 두통,neuro,증상이 갑자기 심해졌거나 빠르게 악화되고 있나요?,악화;심해짐;갑자기;지속,3,ER_GENERAL,4,D_NEU_002,긴장성 두통
DQ_COMMON_012_002,긴장성 두통,neuro,"고열, 심한 통증, 숨참, 의식 저하 중 하나라도 동반되나요?",고열;심한통증;숨참;의식저하,4,ER_GENERAL,5,D_NEU_002,긴장성 두통
DQ_COMMON_012_003,긴장성 두통,neuro,증상이 3일 이상 지속되거나 반복되고 있나요?,3일;지속;반복;재발,2,ER_GENERAL,3,D_NEU_002,긴장성 두통
DQ_COMMON_013_001,뇌수막염,neuro,목이 뻣뻣하거나 고개를 숙일 때 두통이 심해지나요?,목뻣뻣;고개숙임;두통;수막염,5,ER_GENERAL,5,D_NEU_004,수막염 의심
DQ_COMMON_013_002,뇌수막염,neuro,"고열과 심한 두통, 구토가 함께 있나요?",고열;두통;구토;오심,5,ER_GENERAL,5,D_NEU_004,수막염 의심
DQ_COMMON_013_003,뇌수막염,neuro,의식이 흐리거나 빛을 보기 힘든가요?,의식저하;빛공포;혼돈;경련,5,ER_GENERAL,5,D_NEU_004,수막염 의심
DQ_COMMON_014_001,치매 초기,neuro,증상이 갑자기 심해졌거나 빠르게 악화되고 있나요?,악화;심해짐;갑자기;지속,3,ER_GENERAL,4,D_NEU_008,치매 초기
DQ_COMMON_014_002,치매 초기,neuro,"고열, 심한 통증, 숨참, 의식 저하 중 하나라도 동반되나요?",고열;심한통증;숨참;의식저하,4,ER_GENERAL,5,D_NEU_008,치매 초기
DQ_COMMON_014_003,치매 초기,neuro,증상이 3일 이상 지속되거나 반복되고 있나요?,3일;지속;반복;재발,2,ER_GENERAL,3,D_NEU_008,치매 초기
DQ_COMMON_015_001,공황장애,psychiatric,증상이 갑자기 심해졌거나 빠르게 악화되고 있나요?,악화;심해짐;갑자기;지속,3,ER_GENERAL,4,D_PSY_002,공황장애
DQ_COMMON_015_002,공황장애,psychiatric,"고열, 심한 통증, 숨참, 의식 저하 중 하나라도 동반되나요?",고열;심한통증;숨참;의식저하,4,ER_GENERAL,5,D_PSY_002,공황장애
DQ_COMMON_015_003,공황장애,psychiatric,증상이 3일 이상 지속되거나 반복되고 있나요?,3일;지속;반복;재발,2,ER_GENERAL,3,D_PSY_002,공황장애
DQ_COMMON_016_001,우울증,psychiatric,증상이 갑자기 심해졌거나 빠르게 악화되고 있나요?,악화;심해짐;갑자기;지속,3,ER_GENERAL,4,D_PSY_005,우울증
DQ_COMMON_016_002,우울증,psychiatric,"고열, 심한 통증, 숨참, 의식 저하 중 하나라도 동반되나요?",고열;심한통증;숨참;의식저하,4,ER_GENERAL,5,D_PSY_005,우울증
DQ_COMMON_016_003,우울증,psychiatric,증상이 3일 이상 지속되거나 반복되고 있나요?,3일;지속;반복;재발,2,ER_GENERAL,3,D_PSY_005,우울증
DQ_COMMON_017_001,불면증,psychiatric,증상이 갑자기 심해졌거나 빠르게 악화되고 있나요?,악화;심해짐;갑자기;지속,3,ER_GENERAL,4,D_PSY_003,불면증
DQ_COMMON_017_002,불면증,psychiatric,"고열, 심한 통증, 숨참, 의식 저하 중 하나라도 동반되나요?",고열;심한통증;숨참;의식저하,4,ER_GENERAL,5,D_PSY_003,불면증
DQ_COMMON_017_003,불면증,psychiatric,증상이 3일 이상 지속되거나 반복되고 있나요?,3일;지속;반복;재발,2,ER_GENERAL,3,D_PSY_003,불면증
DQ_COMMON_018_001,역류성 식도염,abdominal,증상이 갑자기 심해졌거나 빠르게 악화되고 있나요?,악화;심해짐;갑자기;지속,3,ER_GENERAL,4,D_DIG_011,역류성 식도염
DQ_COMMON_018_002,역류성 식도염,abdominal,"고열, 심한 통증, 숨참, 의식 저하 중 하나라도 동반되나요?",고열;심한통증;숨참;의식저하,4,ER_GENERAL,5,D_DIG_011,역류성 식도염
DQ_COMMON_018_003,역류성 식도염,abdominal,증상이 3일 이상 지속되거나 반복되고 있나요?,3일;지속;반복;재발,2,ER_GENERAL,3,D_DIG_011,역류성 식도염
DQ_COMMON_019_001,위염,abdominal,증상이 갑자기 심해졌거나 빠르게 악화되고 있나요?,악화;심해짐;갑자기;지속,3,ER_GENERAL,4,D_DIG_013,위염
DQ_COMMON_019_002,위염,abdominal,"고열, 심한 통증, 숨참, 의식 저하 중 하나라도 동반되나요?",고열;심한통증;숨참;의식저하,4,ER_GENERAL,5,D_DIG_013,위염
DQ_COMMON_019_003,위염,abdominal,증상이 3일 이상 지속되거나 반복되고 있나요?,3일;지속;반복;재발,2,ER_GENERAL,3,D_DIG_013,위염
DQ_COMMON_020_001,위궤양,abdominal,증상이 갑자기 심해졌거나 빠르게 악화되고 있나요?,악화;심해짐;갑자기;지속,3,ER_GENERAL,4,D_DIG_012,위궤양
DQ_COMMON_020_002,위궤양,abdominal,"고열, 심한 통증, 숨참, 의식 저하 중 하나라도 동반되나요?",고열;심한통증;숨참;의식저하,4,ER_GENERAL,5,D_DIG_012,위궤양
DQ_COMMON_020_003,위궤양,abdominal,증상이 3일 이상 지속되거나 반복되고 있나요?,3일;지속;반복;재발,2,ER_GENERAL,3,D_DIG_012,위궤양
DQ_COMMON_021_001,장염,abdominal,설사가 하루 6회 이상 반복되거나 물처럼 나오나요?,6회;설사;물설사;반복,3,ER_GENERAL,5,D_DIG_014,장염
DQ_COMMON_021_002,장염,abdominal,"피가 섞인 변, 검은 변, 심한 복통 중 하나가 있나요?",혈변;검은변;심한복통;복통,4,ER_GENERAL,5,D_DIG_014,장염
DQ_COMMON_021_003,장염,abdominal,소변이 줄거나 입이 마르고 어지러운 탈수 증상이 있나요?,소변감소;입마름;어지럼;탈수,4,ER_GENERAL,4,D_DIG_014,장염
DQ_COMMON_022_001,과민성대장증후군,abdominal,증상이 갑자기 심해졌거나 빠르게 악화되고 있나요?,악화;심해짐;갑자기;지속,3,ER_GENERAL,4,D_DIG_002,과민성대장증후군
DQ_COMMON_022_002,과민성대장증후군,abdominal,"고열, 심한 통증, 숨참, 의식 저하 중 하나라도 동반되나요?",고열;심한통증;숨참;의식저하,4,ER_GENERAL,5,D_DIG_002,과민성대장증후군
DQ_COMMON_022_003,과민성대장증후군,abdominal,증상이 3일 이상 지속되거나 반복되고 있나요?,3일;지속;반복;재발,2,ER_GENERAL,3,D_DIG_002,과민성대장증후군
DQ_COMMON_023_001,맹장염,abdominal,오른쪽 아랫배 통증이 점점 심해지거나 걸을 때 울리나요?,오른쪽아랫배;걸을때통증;악화;충수염,4,ER_GENERAL,5,D_DIG_007,맹장염
DQ_COMMON_023_002,맹장염,abdominal,"구역질, 미열, 식욕 저하가 함께 있나요?",구역;미열;식욕저하;발열,3,ER_GENERAL,4,D_DIG_007,맹장염
DQ_COMMON_023_003,맹장염,abdominal,배를 눌렀다 뗄 때 통증이 더 심해지나요?,반발통;누르면통증;복통;심한통증,5,ER_GENERAL,5,D_DIG_007,맹장염
DQ_COMMON_024_001,담석증,abdominal,증상이 갑자기 심해졌거나 빠르게 악화되고 있나요?,악화;심해짐;갑자기;지속,3,ER_GENERAL,4,D_DIG_006,담석증
DQ_COMMON_024_002,담석증,abdominal,"고열, 심한 통증, 숨참, 의식 저하 중 하나라도 동반되나요?",고열;심한통증;숨참;의식저하,4,ER_GENERAL,5,D_DIG_006,담석증
DQ_COMMON_024_003,담석증,abdominal,증상이 3일 이상 지속되거나 반복되고 있나요?,3일;지속;반복;재발,2,ER_GENERAL,3,D_DIG_006,담석증
DQ_COMMON_025_001,간염,abdominal,증상이 갑자기 심해졌거나 빠르게 악화되고 있나요?,악화;심해짐;갑자기;지속,3,ER_GENERAL,4,D_DIG_001,간염
DQ_COMMON_025_002,간염,abdominal,"고열, 심한 통증, 숨참, 의식 저하 중 하나라도 동반되나요?",고열;심한통증;숨참;의식저하,4,ER_GENERAL,5,D_DIG_001,간염
DQ_COMMON_025_003,간염,abdominal,증상이 3일 이상 지속되거나 반복되고 있나요?,3일;지속;반복;재발,2,ER_GENERAL,3,D_DIG_001,간염
DQ_COMMON_026_001,신장결석,urology,증상이 갑자기 심해졌거나 빠르게 악화되고 있나요?,악화;심해짐;갑자기;지속,3,ER_GENERAL,4,D_URO_005,신장결석
DQ_COMMON_026_002,신장결석,urology,"고열, 심한 통증, 숨참, 의식 저하 중 하나라도 동반되나요?",고열;심한통증;숨참;의식저하,4,ER_GENERAL,5,D_URO_005,신장결석
DQ_COMMON_026_003,신장결석,urology,증상이 3일 이상 지속되거나 반복되고 있나요?,3일;지속;반복;재발,2,ER_GENERAL,3,D_URO_005,신장결석
DQ_COMMON_027_001,방광염,urology,증상이 갑자기 심해졌거나 빠르게 악화되고 있나요?,악화;심해짐;갑자기;지속,3,ER_GENERAL,4,D_URO_003,방광염
DQ_COMMON_027_002,방광염,urology,"고열, 심한 통증, 숨참, 의식 저하 중 하나라도 동반되나요?",고열;심한통증;숨참;의식저하,4,ER_GENERAL,5,D_URO_003,방광염
DQ_COMMON_027_003,방광염,urology,증상이 3일 이상 지속되거나 반복되고 있나요?,3일;지속;반복;재발,2,ER_GENERAL,3,D_URO_003,방광염
DQ_COMMON_028_001,요로감염,urology,증상이 갑자기 심해졌거나 빠르게 악화되고 있나요?,악화;심해짐;갑자기;지속,3,ER_GENERAL,4,D_URO_006,요로감염
DQ_COMMON_028_002,요로감염,urology,"고열, 심한 통증, 숨참, 의식 저하 중 하나라도 동반되나요?",고열;심한통증;숨참;의식저하,4,ER_GENERAL,5,D_URO_006,요로감염
DQ_COMMON_028_003,요로감염,urology,증상이 3일 이상 지속되거나 반복되고 있나요?,3일;지속;반복;재발,2,ER_GENERAL,3,D_URO_006,요로감염
DQ_COMMON_029_001,전립선염,urology,증상이 갑자기 심해졌거나 빠르게 악화되고 있나요?,악화;심해짐;갑자기;지속,3,ER_GENERAL,4,D_URO_008,전립선염
DQ_COMMON_029_002,전립선염,urology,"고열, 심한 통증, 숨참, 의식 저하 중 하나라도 동반되나요?",고열;심한통증;숨참;의식저하,4,ER_GENERAL,5,D_URO_008,전립선염
DQ_COMMON_029_003,전립선염,urology,증상이 3일 이상 지속되거나 반복되고 있나요?,3일;지속;반복;재발,2,ER_GENERAL,3,D_URO_008,전립선염
DQ_COMMON_030_001,당뇨병,endocrine,증상이 갑자기 심해졌거나 빠르게 악화되고 있나요?,악화;심해짐;갑자기;지속,3,ER_GENERAL,4,D_END_003,당뇨병
DQ_COMMON_030_002,당뇨병,endocrine,"고열, 심한 통증, 숨참, 의식 저하 중 하나라도 동반되나요?",고열;심한통증;숨참;의식저하,4,ER_GENERAL,5,D_END_003,당뇨병
DQ_COMMON_030_003,당뇨병,endocrine,증상이 3일 이상 지속되거나 반복되고 있나요?,3일;지속;반복;재발,2,ER_GENERAL,3,D_END_003,당뇨병
DQ_COMMON_031_001,갑상선 기능 항진증,endocrine,증상이 갑자기 심해졌거나 빠르게 악화되고 있나요?,악화;심해짐;갑자기;지속,3,ER_GENERAL,4,D_END_002,갑상선 기능 항진증
DQ_COMMON_031_002,갑상선 기능 항진증,endocrine,"고열, 심한 통증, 숨참, 의식 저하 중 하나라도 동반되나요?",고열;심한통증;숨참;의식저하,4,ER_GENERAL,5,D_END_002,갑상선 기능 항진증
DQ_COMMON_031_003,갑상선 기능 항진증,endocrine,증상이 3일 이상 지속되거나 반복되고 있나요?,3일;지속;반복;재발,2,ER_GENERAL,3,D_END_002,갑상선 기능 항진증
DQ_COMMON_032_001,갑상선 기능 저하증,endocrine,증상이 갑자기 심해졌거나 빠르게 악화되고 있나요?,악화;심해짐;갑자기;지속,3,ER_GENERAL,4,D_END_001,갑상선 기능 저하증
DQ_COMMON_032_002,갑상선 기능 저하증,endocrine,"고열, 심한 통증, 숨참, 의식 저하 중 하나라도 동반되나요?",고열;심한통증;숨참;의식저하,4,ER_GENERAL,5,D_END_001,갑상선 기능 저하증
DQ_COMMON_032_003,갑상선 기능 저하증,endocrine,증상이 3일 이상 지속되거나 반복되고 있나요?,3일;지속;반복;재발,2,ER_GENERAL,3,D_END_001,갑상선 기능 저하증
DQ_COMMON_033_001,고혈압,cardio,증상이 갑자기 심해졌거나 빠르게 악화되고 있나요?,악화;심해짐;갑자기;지속,3,ER_GENERAL,4,D_CAR_001,고혈압
DQ_COMMON_033_002,고혈압,cardio,"고열, 심한 통증, 숨참, 의식 저하 중 하나라도 동반되나요?",고열;심한통증;숨참;의식저하,4,ER_GENERAL,5,D_CAR_001,고혈압
DQ_COMMON_033_003,고혈압,cardio,증상이 3일 이상 지속되거나 반복되고 있나요?,3일;지속;반복;재발,2,ER_GENERAL,3,D_CAR_001,고혈압
DQ_COMMON_034_001,협심증,cardio,증상이 갑자기 심해졌거나 빠르게 악화되고 있나요?,악화;심해짐;갑자기;지속,3,ER_GENERAL,4,D_CAR_012,협심증
DQ_COMMON_034_002,협심증,cardio,"고열, 심한 통증, 숨참, 의식 저하 중 하나라도 동반되나요?",고열;심한통증;숨참;의식저하,4,ER_GENERAL,5,D_CAR_012,협심증
DQ_COMMON_034_003,협심증,cardio,증상이 3일 이상 지속되거나 반복되고 있나요?,3일;지속;반복;재발,2,ER_GENERAL,3,D_CAR_012,협심증
DQ_COMMON_035_001,심근경색,cardio,증상이 갑자기 심해졌거나 빠르게 악화되고 있나요?,악화;심해짐;갑자기;지속,3,ER_GENERAL,4,D_CAR_004,급성 심근경색
DQ_COMMON_035_002,심근경색,cardio,"고열, 심한 통증, 숨참, 의식 저하 중 하나라도 동반되나요?",고열;심한통증;숨참;의식저하,4,ER_GENERAL,5,D_CAR_004,급성 심근경색
DQ_COMMON_035_003,심근경색,cardio,증상이 3일 이상 지속되거나 반복되고 있나요?,3일;지속;반복;재발,2,ER_GENERAL,3,D_CAR_004,급성 심근경색
DQ_COMMON_036_001,심부전,cardio,증상이 갑자기 심해졌거나 빠르게 악화되고 있나요?,악화;심해짐;갑자기;지속,3,ER_GENERAL,4,D_CAR_010,심부전
DQ_COMMON_036_002,심부전,cardio,"고열, 심한 통증, 숨참, 의식 저하 중 하나라도 동반되나요?",고열;심한통증;숨참;의식저하,4,ER_GENERAL,5,D_CAR_010,심부전
DQ_COMMON_036_003,심부전,cardio,증상이 3일 이상 지속되거나 반복되고 있나요?,3일;지속;반복;재발,2,ER_GENERAL,3,D_CAR_010,심부전
DQ_COMMON_037_001,아토피,skin,증상이 갑자기 심해졌거나 빠르게 악화되고 있나요?,악화;심해짐;갑자기;지속,3,ER_GENERAL,4,D_SKIN_003,아토피
DQ_COMMON_037_002,아토피,skin,"고열, 심한 통증, 숨참, 의식 저하 중 하나라도 동반되나요?",고열;심한통증;숨참;의식저하,4,ER_GENERAL,5,D_SKIN_003,아토피
DQ_COMMON_037_003,아토피,skin,증상이 3일 이상 지속되거나 반복되고 있나요?,3일;지속;반복;재발,2,ER_GENERAL,3,D_SKIN_003,아토피
DQ_COMMON_038_001,두드러기,allergy,증상이 갑자기 심해졌거나 빠르게 악화되고 있나요?,악화;심해짐;갑자기;지속,3,ER_GENERAL,4,D_ALG_001,두드러기
DQ_COMMON_038_002,두드러기,allergy,"고열, 심한 통증, 숨참, 의식 저하 중 하나라도 동반되나요?",고열;심한통증;숨참;의식저하,4,ER_GENERAL,5,D_ALG_001,두드러기
DQ_COMMON_038_003,두드러기,allergy,증상이 3일 이상 지속되거나 반복되고 있나요?,3일;지속;반복;재발,2,ER_GENERAL,3,D_ALG_001,두드러기
DQ_COMMON_039_001,대상포진,skin,증상이 갑자기 심해졌거나 빠르게 악화되고 있나요?,악화;심해짐;갑자기;지속,3,ER_GENERAL,4,D_SKIN_001,대상포진
DQ_COMMON_039_002,대상포진,skin,"고열, 심한 통증, 숨참, 의식 저하 중 하나라도 동반되나요?",고열;심한통증;숨참;의식저하,4,ER_GENERAL,5,D_SKIN_001,대상포진
DQ_COMMON_039_003,대상포진,skin,증상이 3일 이상 지속되거나 반복되고 있나요?,3일;지속;반복;재발,2,ER_GENERAL,3,D_SKIN_001,대상포진
DQ_COMMON_040_001,무좀,skin,증상이 갑자기 심해졌거나 빠르게 악화되고 있나요?,악화;심해짐;갑자기;지속,3,ER_GENERAL,4,D_SKIN_002,무좀
DQ_COMMON_040_002,무좀,skin,"고열, 심한 통증, 숨참, 의식 저하 중 하나라도 동반되나요?",고열;심한통증;숨참;의식저하,4,ER_GENERAL,5,D_SKIN_002,무좀
DQ_COMMON_040_003,무좀,skin,증상이 3일 이상 지속되거나 반복되고 있나요?,3일;지속;반복;재발,2,ER_GENERAL,3,D_SKIN_002,무좀
DQ_COMMON_041_001,류마티스 관절염,musculoskeletal,증상이 갑자기 심해졌거나 빠르게 악화되고 있나요?,악화;심해짐;갑자기;지속,3,ER_GENERAL,4,D_MSK_002,류마티스 관절염
DQ_COMMON_041_002,류마티스 관절염,musculoskeletal,"고열, 심한 통증, 숨참, 의식 저하 중 하나라도 동반되나요?",고열;심한통증;숨참;의식저하,4,ER_GENERAL,5,D_MSK_002,류마티스 관절염
DQ_COMMON_041_003,류마티스 관절염,musculoskeletal,증상이 3일 이상 지속되거나 반복되고 있나요?,3일;지속;반복;재발,2,ER_GENERAL,3,D_MSK_002,류마티스 관절염
DQ_COMMON_042_001,통풍,musculoskeletal,증상이 갑자기 심해졌거나 빠르게 악화되고 있나요?,악화;심해짐;갑자기;지속,3,ER_GENERAL,4,D_MSK_004,통풍
DQ_COMMON_042_002,통풍,musculoskeletal,"고열, 심한 통증, 숨참, 의식 저하 중 하나라도 동반되나요?",고열;심한통증;숨참;의식저하,4,ER_GENERAL,5,D_MSK_004,통풍
DQ_COMMON_042_003,통풍,musculoskeletal,증상이 3일 이상 지속되거나 반복되고 있나요?,3일;지속;반복;재발,2,ER_GENERAL,3,D_MSK_004,통풍
DQ_COMMON_043_001,디스크,musculoskeletal,증상이 갑자기 심해졌거나 빠르게 악화되고 있나요?,악화;심해짐;갑자기;지속,3,ER_GENERAL,4,D_MSK_001,디스크
DQ_COMMON_043_002,디스크,musculoskeletal,"고열, 심한 통증, 숨참, 의식 저하 중 하나라도 동반되나요?",고열;심한통증;숨참;의식저하,4,ER_GENERAL,5,D_MSK_001,디스크
DQ_COMMON_043_003,디스크,musculoskeletal,증상이 3일 이상 지속되거나 반복되고 있나요?,3일;지속;반복;재발,2,ER_GENERAL,3,D_MSK_001,디스크
DQ_COMMON_044_001,오십견,musculoskeletal,증상이 갑자기 심해졌거나 빠르게 악화되고 있나요?,악화;심해짐;갑자기;지속,3,ER_GENERAL,4,D_MSK_003,오십견
DQ_COMMON_044_002,오십견,musculoskeletal,"고열, 심한 통증, 숨참, 의식 저하 중 하나라도 동반되나요?",고열;심한통증;숨참;의식저하,4,ER_GENERAL,5,D_MSK_003,오십견
DQ_COMMON_044_003,오십견,musculoskeletal,증상이 3일 이상 지속되거나 반복되고 있나요?,3일;지속;반복;재발,2,ER_GENERAL,3,D_MSK_003,오십견
DQ_COMMON_045_001,빈혈,hematology,증상이 갑자기 심해졌거나 빠르게 악화되고 있나요?,악화;심해짐;갑자기;지속,3,ER_GENERAL,4,D_HEM_001,빈혈
DQ_COMMON_045_002,빈혈,hematology,"고열, 심한 통증, 숨참, 의식 저하 중 하나라도 동반되나요?",고열;심한통증;숨참;의식저하,4,ER_GENERAL,5,D_HEM_001,빈혈
DQ_COMMON_045_003,빈혈,hematology,증상이 3일 이상 지속되거나 반복되고 있나요?,3일;지속;반복;재발,2,ER_GENERAL,3,D_HEM_001,빈혈
