case_id,raw_text,cleaned_text,symptom_keywords,symptom_group,department,suspected_disease,severity_level
1,아이가 갑자기 의식을 잃었어요,아이가 갑자기 의식을 잃었어요,의식을 잃,neuro,신경과,뇌졸중,4
2,갑자기 쓰러졌어요,갑자기 쓰러졌어요,쓰러졌,neuro,신경과,뇌졸중,4
3,질문갑자기 식은땀이 나고 눈앞이 하얘지면서 정신을 잃었어요,갑자기 식은땀이 나고 눈앞이 하얘지면서 정신을 잃었어요,눈앞이 하얘,neuro,신경과,뇌졸중,4
4,아무리 불러도 반응이 없어요,아무리 불러도 반응이 없어요,반응이 없,neuro,신경과,뇌졸중,4
5,엄마가 깨워도 안일어나요,엄마가 깨워도 안일어나요,안일어나,neuro,신경과,뇌졸중,4
6,갑자기 어지럽고 시야가흐려졌어요,갑자기 어지럽고 시야가흐려졌어요,시야가흐려,neuro,신경과,뇌졸중,4
7,여드름 주사를 맞고 의식이 흐려졌어요,여드름 주사를 맞고 의식이 흐려졌어요,의식이 흐려,neuro,신경과,뇌졸중,4
8,오늘따라 갑자기 계속 정신이 멍해요,오늘따라 갑자기 계속 정신이 멍해요,정신이 멍,neuro,신경과,뇌졸중,4
9,어머니 한쪽 팔이 안 움직여요,어머니 한쪽 팔이 안 움직여요,한쪽 팔,neuro,신경과,뇌졸중,4
10,한 쪽 다리에 힘이 안 들어가요,한 쪽 다리에 힘이 안 들어가요,다리에 힘이 안,neuro,신경과,뇌졸중,4
11,말이 제대로 안나와요,말이 제대로 안나와요,말이 제대로 안,neuro,신경과,뇌졸중,4
12,필러 보톡스 맞고 입이 돌아갔어요,필러 보톡스 맞고 입이 돌아갔어요,입이 돌아,neuro,신경과,뇌졸중,4
13,한쪽 얼굴에 마비가 왔어요,한쪽 얼굴에 마비가 왔어요,얼굴에 마비,neuro,신경과,뇌졸중,4
14,구안와사(안면마비) 후유증으로 발음이 이상해요,구안와사 안면마비 후유증으로 발음이 이상해요,안면마비,neuro,신경과,뇌졸중,4
15,다리 한쪽이 저려요,다리 한쪽이 저려요,다리 한쪽,neuro,신경과,뇌졸중,4
16,머리를 부딪힌후 24시간정도 지났는데 자다가 저녁에 이유식 먹은것을 토했어요,머리를 부딪힌후 24시간정도 지났는데 자다가 저녁에 이유식 먹은것을 토했어요,머리를 부딪,neuro,신경과,외상성 뇌손상,4
17,머리 다친 후 어지러움,머리 다친 후 어지러움,머리 다친,neuro,신경과,외상성 뇌손상,4
18,머리를다친후 이상해요,머리를다친후 이상해요,머리를다친,neuro,신경과,외상성 뇌손상,4
19,뒤로 넘어져서 바닥에 머리를 세게 부딪혔어요,뒤로 넘어져서 바닥에 머리를 세게 부딪혔어요,머리를 세게 부딪,neuro,신경과,외상성 뇌손상,4
20,머리 다친 후 구토,머리 다친 후 구토,머리 다친,neuro,신경과,외상성 뇌손상,4
21,교통사고 머리충격 후 멍함,교통사고 머리충격 후 멍함,머리충격 후,neuro,신경과,외상성 뇌손상,4
22,머리를 다쳐서 꼬맨적있는데 어지러워요,머리를 다쳐서 꼬맨적있는데 어지러워요,머리를 다쳐서,neuro,신경과,외상성 뇌손상,4
23,정신이 혼미해요,정신이 혼미해요,정신이 혼미,neuro,신경과,뇌졸중,4
24,쎄게 때렸는데 엄청 멍해졌어요,쎄게 때렸는데 엄청 멍해졌어요,멍해,neuro,신경과,뇌졸중,4
25,12살 아이인데 갑자기 몸떨림이랑 반응이 느려요,12살 아이인데 갑자기 몸떨림이랑 반응이 느려요,반응이 느려,neuro,신경과,뇌졸중,4
26,서있다가 갑자기 어지럽고 앞이 흐려졌어요,서있다가 갑자기 어지럽고 앞이 흐려졌어요,어지럽,neuro,신경과,뇌졸중,4
27,자꾸 졸려요,자꾸 졸려요,졸려,neuro,신경과,뇌졸중,4
28,엄마가 깨워도 안일어나요,엄마가 깨워도 안일어나요,안일어나,neuro,신경과,뇌졸중,4
29,갑자기 정신이 너무 이상해요,갑자기 정신이 너무 이상해요,정신이 너무 이상,neuro,신경과,뇌졸중,4
30,지속적으로 어지러워요,지속적으로 어지러워요,지속적으로 어지러,neuro,신경과,뇌졸중,4
31,어지럽고 속이울링거리고 머리가 빙글빙글 돌아요,어지럽고 속이울링거리고 머리가 빙글빙글 돌아요,빙글빙글,neuro,신경과,어지럼증,3
32,올려다보면 갑자기 깜깜해지면서 서있기 힘들어요.,올려다보면 갑자기 깜깜해지면서 서있기 힘들어요,서있기 힘들,neuro,신경과,어지럼증,3
33,몸의 균형을 못잡겠어요.,몸의 균형을 못잡겠어요,균형을 못잡,neuro,신경과,어지럼증,3
34,갑자기 너무 심하게 어지러워요,갑자기 너무 심하게 어지러워요,심하게 어지러,neuro,신경과,어지럼증,3
35,어지럼증과 메스꺼움,어지럼증과 메스꺼움,메스꺼움,neuro,신경과,어지럼증,3
36,"가만히 서있어도, 앉아있어도 어지러워요",가만히 서있어도 앉아있어도 어지러워요,,etc_emerg,응급의학과,기타 응급질환,1
37,숨을 안 쉬어요,숨을 안 쉬어요,숨을 안 쉬,cardio,심장내과,심정지,5
38,심장이멈춘것같아요,심장이멈춘것같아요,심장이멈춘,cardio,심장내과,심정지,5
39,숨을 안쉬어요,숨을 안쉬어요,숨을 안쉬,cardio,심장내과,심정지,5
40,쓰러져서 반응이 없어요,쓰러져서 반응이 없어요,반응이 없,cardio,심장내과,심정지,5
41,손목 맥박이 안느껴져요,손목 맥박이 안느껴져요,맥박이 안느껴,cardio,심장내과,심정지,5
42,갑자기 심정지 온 것 같아요,갑자기 심정지 온 것 같아요,심정지,cardio,심장내과,심정지,5
43,급하게 밥을 먹다가 호흡이 멈췄어요,급하게 밥을 먹다가 호흡이 멈췄어요,호흡이 멈,cardio,심장내과,심정지,5
44,"정상이라고 하는데,,숨쉬기가 힘들어요",정상이라고 하는데 숨쉬기가 힘들어요,숨쉬기가 힘들,cardio,심장내과,급성 심근경색,4
45,가슴이 꽉 막힌 것 같고 깊은 숨이 안 쉬어져요,가슴이 꽉 막힌 것 같고 깊은 숨이 안 쉬어져요,숨이 안 쉬어,cardio,심장내과,호흡부전,5
46,숨이 막히는 느낌 뭔가요..??,숨이 막히는 느낌 뭔가요,숨이 막히,cardio,심장내과,급성 심근경색,4
47,가슴이 답답하고 숨이 차요,가슴이 답답하고 숨이 차요,가슴이 답답,cardio,심장내과,급성 심근경색,4
48,가만히 있어도 숨이 차요...,가만히 있어도 숨이 차요,가만히 있어도 숨,cardio,심장내과,호흡부전,5
49,숨을 크게 못 쉬겠어요!,숨을 크게 못 쉬겠어요,숨을 크게 못 쉬,cardio,심장내과,급성 심근경색,4
50,호흡이 힘들어요,호흡이 힘들어요,호흡이 힘들,cardio,심장내과,급성 심근경색,4
51,생리 전 부터 가슴이 너무 아파요...ㅠㅠ,생리 전 부터 가슴이 너무 아파요,,etc_emerg,응급의학과,기타 응급질환,1
52,가슴이 두근거리고 심장 근처가 조여와요,가슴이 두근거리고 심장 근처가 조여와요,심장 근처,cardio,심장내과,급성 심근경색,4
53,왼쪽가슴 찌릿해요.,왼쪽가슴 찌릿해요,왼쪽가슴,cardio,심장내과,급성 심근경색,4
54,호흡곤란? 가슴이 답답하고 아파요,호흡곤란 가슴이 답답하고 아파요,가슴이 답답,cardio,심장내과,급성 심근경색,4
55,명치 아래 쪽이 계속 아픈데요,명치 아래 쪽이 계속 아픈데요,명치 아래,cardio,심장내과,급성 심근경색,4
56,숨쉬면 가슴이 아파요. 겉이 아픈게...,숨쉬면 가슴이 아파요 겉이 아픈게,숨쉬면 가슴,cardio,심장내과,급성 심근경색,4
57,갑자기 숨이 막히고 가슴이 터질 것 같아요.,갑자기 숨이 막히고 가슴이 터질 것 같아요,가슴이 터질,cardio,심장내과,급성 심근경색,4
58,심장이 너무 빨리 뛰어요..,심장이 너무 빨리 뛰어요,심장이 너무 빨리,cardio,심장내과,부정맥,4
59,자꾸 가슴이 두근거려요.,자꾸 가슴이 두근거려요,두근거려,cardio,심장내과,부정맥,4
60,맥박이 빨라요,맥박이 빨라요,맥박이 빨라,cardio,심장내과,부정맥,4
61,심장이 벌렁거려요,심장이 벌렁거려요,벌렁,cardio,심장내과,부정맥,4
62,뛰거나 그런걸 한건 아닌데 가만히 있어도 갑자기 심장이 급격하게 뛰어요,뛰거나 그런걸 한건 아닌데 가만히 있어도 갑자기 심장이 급격하게 뛰어요,급격하게 뛰,cardio,심장내과,부정맥,4
63,심장이 쿵쾅거려요...,심장이 쿵쾅거려요,쿵쾅,cardio,심장내과,부정맥,4
64,심장이 너무 불규칙하게 뛰어요,심장이 너무 불규칙하게 뛰어요,불규칙하게 뛰,cardio,심장내과,부정맥,4
65,남자친구 심장이 불규칙하게 뛰어요...,남자친구 심장이 불규칙하게 뛰어요,불규칙하게 뛰,cardio,심장내과,부정맥,4
66,혈압과 맥박이 이상해요,혈압과 맥박이 이상해요,맥박이 이상,cardio,심장내과,부정맥,4
67,심장이 한 번씩 덜컥거리는 느낌이 들어요,심장이 한 번씩 덜컥거리는 느낌이 들어요,덜컥,cardio,심장내과,부정맥,4
68,심장박동이 이상해요 ㅠ,심장박동이 이상해요,심장박동이 이상,cardio,심장내과,부정맥,4
69,누우면 심장이 떨려요,누우면 심장이 떨려요,심장이 떨,cardio,심장내과,부정맥,4
70,맥박이 들쭉날쭉해요,맥박이 들쭉날쭉해요,들쭉날쭉,cardio,심장내과,부정맥,4
71,이거 부정맥인가요..??,이거 부정맥인가요,부정맥,cardio,심장내과,부정맥,4
72,갑상선 약 먹고 있는데 갑자기 식은땀이 나요.,갑상선 약 먹고 있는데 갑자기 식은땀이 나요,식은땀,cardio,심장내과,급성 심근경색,4
73,갑자기 어지럽고 쓰러질 것 같아요(,갑자기 어지럽고 쓰러질 것 같아요,어지럽,neuro,신경과,뇌졸중,4
74,왼쪽눈 초점이 계속 흐려져요,왼쪽눈 초점이 계속 흐려져요,왼쪽눈 초점,neuro,신경과,뇌졸중,4
75,혈압이 너무 낮아요,혈압이 너무 낮아요,혈압이 너무 낮,cardio,심장내과,쇼크,5
76,몸에 힘이 없어요..,몸에 힘이 없어요,힘이 없,cardio,심장내과,쇼크,5
77,얼굴이 창백해졌어요..,얼굴이 창백해졌어요,창백해졌,cardio,심장내과,쇼크,5
78,기절할 것 같아요,기절할 것 같아요,기절할 것,cardio,심장내과,쇼크,5
79,물을 마셔도 마셔도 목말라요,물을 마셔도 마셔도 목말라요,목말라,toxic,응급의학과,중증 탈수,3
80,탈수 증상이 너무 심해요,탈수 증상이 너무 심해요,탈수,toxic,응급의학과,중증 탈수,3
81,스트레스 때문인지 입이 너무 말라요,스트레스 때문인지 입이 너무 말라요,입이 너무 말라,toxic,응급의학과,중증 탈수,3
82,치질수술후 소변이 거의 안나와요?,치질수술후 소변이 거의 안나와요,,etc_emerg,응급의학과,기타 응급질환,1
83,설사때문에 힘들어용,설사때문에 힘들어용,,etc_emerg,응급의학과,기타 응급질환,1
84,탈수된 것 같아요,탈수된 것 같아요,탈수,toxic,응급의학과,중증 탈수,3
85,몸에 힘이 없어요...,몸에 힘이 없어요,힘이 없,cardio,심장내과,쇼크,5
86,당뇨약을 너무 많이 먹었어요,당뇨약을 너무 많이 먹었어요,약을 너무 많이,toxic,응급의학과,약물중독,4
87,수면제 과다복용 괜찮을까요?,수면제 과다복용 괜찮을까요,과다복용,toxic,응급의학과,약물중독,4
88,약을 잘못먹었어요,약을 잘못먹었어요,약을 잘못먹,toxic,응급의학과,약물중독,4
89,약 8알을 한꺼번에 먹었어요 ㅠ,약 8알을 한꺼번에 먹었어요,약 8알,toxic,응급의학과,약물중독,4
90,정신이이상해요ㅠㅠ,정신이이상해요,정신이이상,neuro,신경과,뇌졸중,4
91,약을 갑자기 너무 많이 먹었어요,약을 갑자기 너무 많이 먹었어요,약을 갑자기 너무 많이,toxic,응급의학과,약물중독,4
92,약물중독인가요,약물중독인가요,약물중독,toxic,응급의학과,약물중독,4
93,미성년자인데술을너무많이마셨어요,미성년자인데술을너무많이마셨어요,마셨어요,toxic,응급의학과,화학물질 중독,4
94,술먹고 기억 잃음..,술먹고 기억 잃음,술먹고 기억,toxic,응급의학과,알코올중독,4
95,술 취해서 의식이 이상해요,술 취해서 의식이 이상해요,술 취해서,toxic,응급의학과,알코올중독,4
96,과음했어요,과음했어요,과음,toxic,응급의학과,알코올중독,4
97,술마신후 음주 후 구토,술마신후 음주 후 구토,음주 후,toxic,응급의학과,알코올중독,4
98,술을 끊고 싶어도 반복된다면 알코올 중독일까요?,술을 끊고 싶어도 반복된다면 알코올 중독일까요,,etc_emerg,응급의학과,기타 응급질환,1
99,술 때문에 쓰러졌어요,술 때문에 쓰러졌어요,쓰러졌,neuro,신경과,뇌졸중,4
100,언니가 주방세제를 먹었어요,언니가 주방세제를 먹었어요,주방세제,toxic,응급의학과,화학물질 중독,4
101,화학물질을 마셨어요,화학물질을 마셨어요,화학물질,toxic,응급의학과,화학물질 중독,4
102,독성 물질을 먹었어요,독성 물질을 먹었어요,독성 물질,toxic,응급의학과,화학물질 중독,4
103,중독된 것 같아요,중독된 것 같아요,,etc_emerg,응급의학과,기타 응급질환,1
104, 앵무새랑 저랑 유독가스를 마셨어요,앵무새랑 저랑 유독가스를 마셨어요,유독가스,toxic,응급의학과,화학물질 중독,4
105,농약을 먹었어요 어떡하죠?,농약을 먹었어요 어떡하죠,농약,toxic,응급의학과,화학물질 중독,4
106,물질 중독인가요,물질 중독인가요,,etc_emerg,응급의학과,기타 응급질환,1
107,식후 운동후 혈당이 높아요,식후 운동후 혈당이 높아요,,etc_emerg,응급의학과,기타 응급질환,1
108,식후혈당 낮아요,식후혈당 낮아요,식후혈당,toxic,응급의학과,당뇨병성 응급질환,3
109,갑자기 의식이 흐려져요,갑자기 의식이 흐려져요,의식이 흐려,neuro,신경과,뇌졸중,4
110,엽산 수치는 높게 나왔는데 엽산대사 이상 가능성,엽산 수치는 높게 나왔는데 엽산대사 이상 가능성,,etc_emerg,응급의학과,기타 응급질환,1
111,당 때문에 힘들어요,당 때문에 힘들어요,당 때문에,toxic,응급의학과,당뇨병성 응급질환,3
112,당뇨 혈당조절 안돼요?,당뇨 혈당조절 안돼요,혈당조절 안,toxic,응급의학과,당뇨병성 응급질환,3
113,의식이 이상해졌어요,의식이 이상해졌어요,의식이 이상,neuro,신경과,뇌졸중,4
114,최근에 술도 많이 먹고 피곤한 뒤 눈이 노래졌어요,최근에 술도 많이 먹고 피곤한 뒤 눈이 노래졌어요,눈이 노래,toxic,응급의학과,간부전,2
115,황달증상이 심해요,황달증상이 심해요,황달,toxic,응급의학과,간부전,2
116,간이 너무 안좋은것 같아요,간이 너무 안좋은것 같아요,간이 너무 안좋,toxic,응급의학과,간부전,2
117,배가 붓고 아프고 걷기조차 힘들어요...,배가 붓고 아프고 걷기조차 힘들어요,,etc_emerg,응급의학과,기타 응급질환,1
118,간수치가 높아요,간수치가 높아요,간수치,toxic,응급의학과,간부전,2
119,의식이 이상해졌어요,의식이 이상해졌어요,의식이 이상,neuro,신경과,뇌졸중,4
120,간부전인가요,간부전인가요,간부전,toxic,응급의학과,간부전,2
121,소변이 잘 안나와요.,소변이 잘 안나와요,,etc_emerg,응급의학과,기타 응급질환,1
122,몸이 부어요 왜일까요,몸이 부어요 왜일까요,몸이 부어,toxic,응급의학과,신부전,2
123,몸이 붓는 게 신장이 안 좋아서 그런 것일까요?,몸이 붓는 게 신장이 안 좋아서 그런 것일까요,신장이 안 좋아,toxic,응급의학과,신부전,2
124,신부전에 체한 느낌도 증상인가요?,신부전에 체한 느낌도 증상인가요,체한 느낌,toxic,응급의학과,신부전,2
125,소변량이 줄었어요,소변량이 줄었어요,소변량이 줄,toxic,응급의학과,신부전,2
126,다리가 부어요,다리가 부어요,다리가 부어,toxic,응급의학과,신부전,2
127,당뇨에 신장기능이 나빠졌어요,당뇨에 신장기능이 나빠졌어요,신장기능,toxic,응급의학과,신부전,2
128,혈당이 500 넘었어요,혈당이 500 넘었어요,혈당이 500,toxic,응급의학과,당뇨병성 응급질환,3
129,당뇨 때문에 정신이 없어요,당뇨 때문에 정신이 없어요,,etc_emerg,응급의학과,기타 응급질환,1
130,케톤산증인가요,케톤산증인가요,케톤산증,toxic,응급의학과,당뇨병성 응급질환,3
131,당뇨 응급상황인가요,당뇨 응급상황인가요,당뇨 응급,toxic,응급의학과,당뇨병성 응급질환,3
132,혈당이 너무 높아요,혈당이 너무 높아요,혈당이 너무 높,toxic,응급의학과,당뇨병성 응급질환,3
133,혈당이 너무 낮아요,혈당이 너무 낮아요,혈당이 너무 낮,toxic,응급의학과,당뇨병성 응급질환,3
134,의식이 흐려져요,의식이 흐려져요,의식이 흐려,neuro,신경과,뇌졸중,4
135,배를 누르면 아파요.,배를 누르면 아파요,배를 누르면,abdominal,소화기내과,복막염,4
136,배가 딱딱해졌어요 손으로 눌러도 안들...,배가 딱딱해졌어요 손으로 눌러도 안들,배가 딱딱,abdominal,소화기내과,복막염,4
137,배 전체가 아파요.,배 전체가 아파요,배 전체가 아파,abdominal,소화기내과,복막염,4
138,움직이면 배가 아파요,움직이면 배가 아파요,움직이면 배가 아파,abdominal,소화기내과,급성복증,3
139,복통이 너무 심해요,복통이 너무 심해요,복통이 너무 심,abdominal,소화기내과,급성복증,3
140,배가 터질것같아요 음식을 너무 많이...,배가 터질것같아요 음식을 너무 많이,배가 터질,abdominal,소화기내과,급성복증,3
141,급성 복막염 증상 중 발열과 오한도 있나요?,급성 복막염 증상 중 발열과 오한도 있나요,복막염,abdominal,소화기내과,복막염,4
142,여아 배가 빵빵하게 부었어요..ㅠㅠ,여아 배가 빵빵하게 부었어요,,etc_emerg,응급의학과,기타 응급질환,1
143,똥은 잘 나오는데 방귀가 안 나와요,똥은 잘 나오는데 방귀가 안 나와요,방귀가 안,abdominal,소화기내과,장폐색,4
144,배가 너무 심하게 아파요,배가 너무 심하게 아파요,배가 너무 심하게 아파,abdominal,소화기내과,급성복증,3
145,토하고배가아파요,토하고배가아파요,토하고배가아파,abdominal,소화기내과,급성복증,3
146,배가 막힌 느낌이나요,배가 막힌 느낌이나요,배가 막힌,abdominal,소화기내과,급성복증,3
147,배아픈데 변이 안 나와요..,배아픈데 변이 안 나와요,변이 안 나와,abdominal,소화기내과,장폐색,4
148,장폐색인가요?,장폐색인가요,장폐색,abdominal,소화기내과,장폐색,4
149,명치가 너무 아파요,명치가 너무 아파요,명치가 너무 아파,abdominal,소화기내과,급성복증,3
150,산책 2시간했더니 등 뒤에 통증이 와요,산책 2시간했더니 등 뒤에 통증이 와요,,etc_emerg,응급의학과,기타 응급질환,1
151, 갑자기 명치통증 소화불량이 심해요,갑자기 명치통증 소화불량이 심해요,명치통증,abdominal,소화기내과,급성복증,3
152,머리가 너무 아프고 토할 것 같아요 ㅠ,머리가 너무 아프고 토할 것 같아요,머리가 너무 아프고 토할,abdominal,소화기내과,급성복증,3
153,어제 기름진 음식이랑 매운 음식먹고...,어제 기름진 음식이랑 매운 음식먹고,기름진 음식,abdominal,소화기내과,급성복증,3
154,왼쪽 상복부 통증이 너무 심해요(본인 기준),왼쪽 상복부 통증이 너무 심해요 본인 기준,상복부 통증,abdominal,소화기내과,급성췌장염,4
155,오른쪽 상복부 통증 있고 구토하는데 췌장염 인가요?,오른쪽 상복부 통증 있고 구토하는데 췌장염 인가요,상복부 통증,abdominal,소화기내과,급성췌장염,4
156,"갑자기 왼쪽 목, 어깨랑 배가 너무 아파요",갑자기 왼쪽 목 어깨랑 배가 너무 아파요,배가 너무 아파,abdominal,소화기내과,급성복증,3
157,배가 너무 아파서 허리를 펼 수가 없어요,배가 너무 아파서 허리를 펼 수가 없어요,배가 너무 아파,abdominal,소화기내과,급성복증,3
158,변비 증상 복통 심해요,변비 증상 복통 심해요,복통 심,abdominal,소화기내과,급성복증,3
159,병원이나 응급실 가야하나요?,병원이나 응급실 가야하나요,응급실 가야,etc_emerg,응급의학과,기타 응급질환,1
160,복부통증이 심해졌어요(신당동 난소암증상),복부통증이 심해졌어요 신당동 난소암증상,통증이 심,abdominal,소화기내과,급성복증,3
161,토하면서 배가 아파요,토하면서 배가 아파요,토하면서 배,abdominal,소화기내과,급성복증,3
162,수술이 필요한 복통인가요,수술이 필요한 복통인가요,,etc_emerg,응급의학과,기타 응급질환,1
163,뜨거운물에 데였어요,뜨거운물에 데였어요,데였,trauma,정형외과,화상,2
164,1도화상인것같은데 범위가 넓어요,1도화상인것같은데 범위가 넓어요,화상,trauma,정형외과,화상,2
165,피부 각질?껍질이 벗겨졌어요,피부 각질 껍질이 벗겨졌어요,,etc_emerg,응급의학과,기타 응급질환,1
166,3도 화상을 입었어요,3도 화상을 입었어요,화상,trauma,정형외과,화상,2
167,밥 먹다가 화상을 입었어요.,밥 먹다가 화상을 입었어요,화상,trauma,정형외과,화상,2
168,화상을 입었는데 물집이 굉장히 커요,화상을 입었는데 물집이 굉장히 커요,화상,trauma,정형외과,화상,2
169,응급실 가야 하나요,응급실 가야 하나요,응급실 가야,etc_emerg,응급의학과,기타 응급질환,1
170,손가락을 칼에 찔렸어요,손가락을 칼에 찔렸어요,칼에 찔,trauma,정형외과,관통손상,4
171,못에 찔렸어요,못에 찔렸어요,못에 찔,trauma,정형외과,관통손상,4
172,배를 찔렸어요,배를 찔렸어요,배를 찔,trauma,정형외과,관통손상,4
173,낯선이한테 길 가다가 포크로 손이랑 가슴을 찔렸어요,낯선이한테 길 가다가 포크로 손이랑 가슴을 찔렸어요,포크로,trauma,정형외과,관통손상,4
174,손가락 베인 상처가 깊어요,손가락 베인 상처가 깊어요,손가락 베인,trauma,정형외과,관통손상,4
175,손가락 관통상 병원가야하나요?,손가락 관통상 병원가야하나요,관통상,trauma,정형외과,관통손상,4
176,응급처치가 필요해요,응급처치가 필요해요,,etc_emerg,응급의학과,기타 응급질환,1
177,인공뼈 이식을 했는데 뼈가 밖으로 나왔어요,인공뼈 이식을 했는데 뼈가 밖으로 나왔어요,,etc_emerg,응급의학과,기타 응급질환,1
178,손가락이 선풍기에 끼어서 찢어졌어요 ㅠ,손가락이 선풍기에 끼어서 찢어졌어요,찢어졌,trauma,정형외과,관통손상,4
179,피가 나는 골절이에요,피가 나는 골절이에요,골절,trauma,정형외과,골절,3
180,뼈가 보이는 골절이에요,뼈가 보이는 골절이에요,골절,trauma,정형외과,골절,3
181,심한 골절을 당했어요,심한 골절을 당했어요,심한 골절,trauma,정형외과,골절,3
182,개방성 골절인가요,개방성 골절인가요,골절,trauma,정형외과,골절,3
183,응급실 가야 하나요,응급실 가야 하나요,응급실 가야,etc_emerg,응급의학과,기타 응급질환,1
184,여러 군데 뼈가 부러졌어요,여러 군데 뼈가 부러졌어요,여러 군데 뼈,trauma,정형외과,골절,3
185,교통사고 후 골절이 많아요,교통사고 후 골절이 많아요,골절,trauma,정형외과,골절,3
186,팔과 다리가 모두 다쳤어요,팔과 다리가 모두 다쳤어요,,etc_emerg,응급의학과,기타 응급질환,1
187,복합 골절을 입었어요,복합 골절을 입었어요,복합 골절,trauma,정형외과,골절,3
188,전신 골절이 의심돼요,전신 골절이 의심돼요,골절,trauma,정형외과,골절,3
189,여러 부위가 부러졌어요,여러 부위가 부러졌어요,여러 부위가 부러,trauma,정형외과,골절,3
190,심한 골절 사고예요,심한 골절 사고예요,심한 골절,trauma,정형외과,골절,3
191,허벅지뼈 부러진거,허벅지뼈 부러진거,허벅지뼈,trauma,정형외과,대퇴골골절,4
192,도와주세요 다리가 아예 안 움직여요,도와주세요 다리가 아예 안 움직여요,다리가 아예 안 움직,trauma,정형외과,골절,3
193,계단에서 넘어졌는데 허벅지가 너무 아파요 ㅠ,계단에서 넘어졌는데 허벅지가 너무 아파요,허벅지가 너무 아파,trauma,정형외과,골절,3
194,고관절쪽이 뛸때 너무 아파요,고관절쪽이 뛸때 너무 아파요,,etc_emerg,응급의학과,기타 응급질환,1
195,대퇴골 골절,대퇴골 골절,대퇴골 골절,trauma,정형외과,골절,3
196,걸을 수가 없어요,걸을 수가 없어요,걸을 수가 없,trauma,정형외과,골절,3
197,왼쪽 허벅지 안쪽에 통증이 심해요,왼쪽 허벅지 안쪽에 통증이 심해요,통증이 심,abdominal,소화기내과,급성복증,3
198,부천 정형외과 공원 운동기구 쓰다가 허리 다쳤어요,부천 정형외과 공원 운동기구 쓰다가 허리 다쳤어요,,etc_emerg,응급의학과,기타 응급질환,1
199,등을 크게 다쳤어요,등을 크게 다쳤어요,등을 크게 다쳤,trauma,정형외과,골절,3
200,계단에서 넘어진 후 허리가 아파요,계단에서 넘어진 후 허리가 아파요,허리가 아파,trauma,정형외과,골절,3
201,척추압박골절 궁급합니다.,척추압박골절 궁급합니다,척추압박골절,trauma,정형외과,골절,3
202,움직이면 허리가아파요,움직이면 허리가아파요,,etc_emerg,응급의학과,기타 응급질환,1
203,질문척추병원에서 목 디스크 확인? 신경 손상도?,척추병원에서 목 디스크 확인 신경 손상도,,etc_emerg,응급의학과,기타 응급질환,1
204,허리를 못펴겠어요,허리를 못펴겠어요,허리를 못펴,trauma,정형외과,척추골절,4
205,피가 멈추지 않아요,피가 멈추지 않아요,피가 멈추지,trauma,정형외과,혈관손상,3
206,다친 부위가 창백해졌어요,다친 부위가 창백해졌어요,창백해졌,cardio,심장내과,쇼크,5
207,갑자기 온몸이 저리고 손발이 차가워졌어요,갑자기 온몸이 저리고 손발이 차가워졌어요,,etc_emerg,응급의학과,기타 응급질환,1
208,혈관이 손상된 것 같아요,혈관이 손상된 것 같아요,혈관이 손상,trauma,정형외과,혈관손상,3
209,출혈이 심해요,출혈이 심해요,출혈이 심,trauma,정형외과,혈관손상,3
210,사지 절단 위험인가요,사지 절단 위험인가요,,etc_emerg,응급의학과,기타 응급질환,1
211,맥박이 안 느껴져요,맥박이 안 느껴져요,맥박이 안,cardio,심장내과,심정지,5
212,택시 승객으로 교통사고 났어요,택시 승객으로 교통사고 났어요,교통사고,trauma,정형외과,다발성외상,4
213,난소낭종 터지면 응급수술 해야하나요?,난소낭종 터지면 응급수술 해야하나요,응급수술,etc_emerg,응급의학과,응급수술 필요,4
214,발가락을 심하게 다쳤어요.,발가락을 심하게 다쳤어요,발가락을 심하게 다쳤,trauma,정형외과,골절,3
215,중상을 입었어요,중상을 입었어요,중상을 입,trauma,정형외과,다발성외상,4
216,수술해야 하나요,수술해야 하나요,수술해야,etc_emerg,응급의학과,응급수술 필요,4
217,외상이 너무 심해요,외상이 너무 심해요,외상이 너무 심,trauma,정형외과,중증 외상,5
218,응급환자인가요,응급환자인가요,,etc_emerg,응급의학과,기타 응급질환,1
219,교통사고 후 여러 군데 다쳤어요,교통사고 후 여러 군데 다쳤어요,교통사고,trauma,정형외과,다발성외상,4
220,전신 외상을 입었어요,전신 외상을 입었어요,전신 외상,trauma,정형외과,다발성외상,4
221,몸 여러 곳이 아파요,몸 여러 곳이 아파요,몸 여러 곳이 아파,trauma,정형외과,중증 외상,5
222,크게 사고가 났어요,크게 사고가 났어요,크게 사고,trauma,정형외과,중증 외상,5
223,복합 외상이에요,복합 외상이에요,복합 외상,trauma,정형외과,중증 외상,5
224,다발성 외상인가요,다발성 외상인가요,다발성 외상,trauma,정형외과,중증 외상,5
225,응급실 가야 하나요,응급실 가야 하나요,응급실 가야,etc_emerg,응급의학과,기타 응급질환,1
226,피를 토했어요(사람),피를 토했어요 사람,피를 토,bleeding,응급의학과,위장관출혈,4
227,천식이 있는데 기침할 때 가끔 피가 나와요,천식이 있는데 기침할 때 가끔 피가 나와요,,etc_emerg,응급의학과,기타 응급질환,1
228,결핵약 복용 했는데 2일 연속 객혈합니다.,결핵약 복용 했는데 2일 연속 객혈합니다,객혈,bleeding,응급의학과,객혈,4
229,코랑 입에서 피가 나와요,코랑 입에서 피가 나와요,,etc_emerg,응급의학과,기타 응급질환,1
230,양치할때 가래에 피가 섞여나와요,양치할때 가래에 피가 섞여나와요,가래에 피,bleeding,응급의학과,객혈,4
231,피를 많이 뱉었어요 (편도수술),피를 많이 뱉었어요 편도수술,피를 많이 뱉,bleeding,응급의학과,객혈,4
232,응급실 가야 하나요,응급실 가야 하나요,응급실 가야,etc_emerg,응급의학과,기타 응급질환,1
233,검은변이 나와요,검은변이 나와요,검은변,bleeding,응급의학과,위장관출혈,4
234,술 마시고 토했는데 피가 나왔어요. 무슨 문제인가요?,술 마시고 토했는데 피가 나왔어요 무슨 문제인가요,,etc_emerg,응급의학과,기타 응급질환,1
235,혈변을 봤어요,혈변을 봤어요,혈변,bleeding,응급의학과,위장관출혈,4
236,항생제 복용후 위장출혈,항생제 복용후 위장출혈,,etc_emerg,응급의학과,기타 응급질환,1
237,전날 회식 하고나서 아침에 구토를 했는데요 피를 토했어,전날 회식 하고나서 아침에 구토를 했는데요 피를 토했어,피를 토,bleeding,응급의학과,위장관출혈,4
238,대변을 볼 때 피가 섞여 나옵니다.,대변을 볼 때 피가 섞여 나옵니다,,etc_emerg,응급의학과,기타 응급질환,1
239,맹장 수술 후 갑자기 붉은 피가 많이 나오면 바로 응급실 가야 하나요?,맹장 수술 후 갑자기 붉은 피가 많이 나오면 바로 응급실 가야 하나요,맹장 수술,abdominal,소화기내과,급성복증,3
240,응급실 가야 하나요,응급실 가야 하나요,응급실 가야,etc_emerg,응급의학과,기타 응급질환,1
241,주방세제가 눈에 들어갔어요,주방세제가 눈에 들어갔어요,주방세제,toxic,응급의학과,화학물질 중독,4
242,화학약품이 눈에 들어갔어요,화학약품이 눈에 들어갔어요,눈에 들어갔,eye,안과,화학성 안손상,4
243,눈이 너무 따가워요,눈이 너무 따가워요,눈이 너무 따가,eye,안과,화학성 안손상,4
244,눈을 잘 못뜨겠어요,눈을 잘 못뜨겠어요,눈을 잘 못뜨,eye,안과,화학성 안손상,4
245,화학물질 눈 손상인가요,화학물질 눈 손상인가요,화학물질,toxic,응급의학과,화학물질 중독,4
246,눈이 화끈거려요,눈이 화끈거려요,눈이 화끈,eye,안과,화학성 안손상,4
247,응급실 가야 하나요,응급실 가야 하나요,응급실 가야,etc_emerg,응급의학과,기타 응급질환,1
248,갑자기 가까운게 안보여요,갑자기 가까운게 안보여요,가까운게 안보여,eye,안과,급성 시력상실,5
249,한쪽 눈이 안 보여요,한쪽 눈이 안 보여요,한쪽 눈이 안 보여,eye,안과,급성 시력상실,5
250,시야가 흐려졌어요,시야가 흐려졌어요,시야가 흐려,neuro,신경과,뇌졸중,4
251,시력이 갑자기 떨어졌어요,시력이 갑자기 떨어졌어요,시력이 갑자기 떨어,eye,안과,급성 시력상실,5
252,눈앞이 캄캄해요,눈앞이 캄캄해요,눈앞이 캄캄,neuro,신경과,뇌졸중,4
253,시력을 잃은 것 같아요,시력을 잃은 것 같아요,시력을 잃,eye,안과,급성 시력상실,5
254,응급상황인가요,응급상황인가요,,etc_emerg,응급의학과,기타 응급질환,1
255,갑자기 입술이 엄청 부었는데 왜 이러죠?,갑자기 입술이 엄청 부었는데 왜 이러죠,입술이 엄청 부,allergy,알레르기내과,아나필락시스,4
256,음식 먹고 얼굴이 붓고 숨쉬기 힘들어요,음식 먹고 얼굴이 붓고 숨쉬기 힘들어요,얼굴이 붓,allergy,알레르기내과,아나필락시스,4
257,알레르기 때문에 얼굴이 퉁퉁 부었어요,알레르기 때문에 얼굴이 퉁퉁 부었어요,퉁퉁 부,allergy,알레르기내과,아나필락시스,4
258,입술이 갑자기 부어오르고 간지러워요,입술이 갑자기 부어오르고 간지러워요,입술이 갑자기 부어,allergy,알레르기내과,아나필락시스,4
259,새우 먹고 얼굴이 붓고 목이 답답해요,새우 먹고 얼굴이 붓고 목이 답답해요,얼굴이 붓,allergy,알레르기내과,아나필락시스,4
260,약 먹은 후 얼굴이 붓고 숨이 차요,약 먹은 후 얼굴이 붓고 숨이 차요,약 먹은 후 얼굴이 붓,allergy,알레르기내과,아나필락시스,4
261,알레르기 반응으로 응급실 가야 하나요?,알레르기 반응으로 응급실 가야 하나요,응급실 가야,etc_emerg,응급의학과,기타 응급질환,1
262,아이가 갑자기 몸을 떨면서 경련했어요,아이가 갑자기 몸을 떨면서 경련했어요,몸을 떨,neuro,신경과,뇌졸중,4
263,4살 아이가 열나면서 발작을 했어요,4살 아이가 열나면서 발작을 했어요,열나면서 발작,pediatric,소아청소년과,열성경련,4
264,아기가 갑자기 눈을 뒤집고 떨었어요,아기가 갑자기 눈을 뒤집고 떨었어요,눈을 뒤집,pediatric,소아청소년과,열성경련,4
265,아이가 경련 후 축 늘어져 있어요,아이가 경련 후 축 늘어져 있어요,아이가 경련,pediatric,소아청소년과,열성경련,4
266,열이 나다가 갑자기 경련을 했습니다,열이 나다가 갑자기 경련을 했습니다,,etc_emerg,응급의학과,기타 응급질환,1
267,아이 발작 증상인데 병원 바로 가야 하나요?,아이 발작 증상인데 병원 바로 가야 하나요,발작,pediatric,소아청소년과,열성경련,4
268,아이가 갑자기 몸을 떨고 반응이 없어요,아이가 갑자기 몸을 떨고 반응이 없어요,반응이 없,neuro,신경과,뇌졸중,4
269,죽고 싶은 생각이 계속 들어요,죽고 싶은 생각이 계속 들어요,죽고 싶은,psychiatric,정신건강의학과,정신과적 응급상황,4
270,너무 힘들어서 자해 충동이 생깁니다,너무 힘들어서 자해 충동이 생깁니다,자해,psychiatric,정신건강의학과,정신과적 응급상황,4
271,가족을 해치고 싶은 생각이 들어요,가족을 해치고 싶은 생각이 들어요,해치고 싶은,psychiatric,정신건강의학과,정신과적 응급상황,4
272,극단적인 선택 생각이 자꾸 나요,극단적인 선택 생각이 자꾸 나요,극단적인 선택,psychiatric,정신건강의학과,정신과적 응급상황,4
273,불안해서 미칠 것 같고 충동적이에요,불안해서 미칠 것 같고 충동적이에요,,etc_emerg,응급의학과,기타 응급질환,1
274,자해를 했는데 정신과 가야 할까요?,자해를 했는데 정신과 가야 할까요,자해,psychiatric,정신건강의학과,정신과적 응급상황,4
275,정신적으로 너무 불안한데 응급실 가야 하나요?,정신적으로 너무 불안한데 응급실 가야 하나요,응급실 가야,etc_emerg,응급의학과,기타 응급질환,1
276,뜨거운 물에 데였는데 물집이 생겼어요,뜨거운 물에 데였는데 물집이 생겼어요,뜨거운 물,trauma,정형외과,화상,2
277,손등 화상인데 병원 가야 하나요?,손등 화상인데 병원 가야 하나요,화상,trauma,정형외과,화상,2
278,끓는 물에 데인 후 피부가 벗겨졌어요,끓는 물에 데인 후 피부가 벗겨졌어요,,etc_emerg,응급의학과,기타 응급질환,1
279,화상 부위가 빨갛고 너무 아파요,화상 부위가 빨갛고 너무 아파요,화상,trauma,정형외과,화상,2
280,뜨거운 냄비에 데였는데 괜찮을까요?,뜨거운 냄비에 데였는데 괜찮을까요,데였,trauma,정형외과,화상,2
281,화상 연고만 발라도 될까요?,화상 연고만 발라도 될까요,화상 연고,trauma,정형외과,화상,2
282,화상 때문에 응급실 가야 하는지 궁금합니다,화상 때문에 응급실 가야 하는지 궁금합니다,화상,trauma,정형외과,화상,2
283,배가 계속 아프고 속이 안 좋아요,배가 계속 아프고 속이 안 좋아요,,etc_emerg,응급의학과,기타 응급질환,1
284,며칠째 배가 불편하고 더부룩해요,며칠째 배가 불편하고 더부룩해요,,etc_emerg,응급의학과,기타 응급질환,1
285,배가 이상하게 아픈데 원인이 뭘까요?,배가 이상하게 아픈데 원인이 뭘까요,,etc_emerg,응급의학과,기타 응급질환,1
286,복통이 있는데 어디가 문제일까요?,복통이 있는데 어디가 문제일까요,,etc_emerg,응급의학과,기타 응급질환,1
287,배 전체가 아프고 소화가 안 돼요,배 전체가 아프고 소화가 안 돼요,배 전체가,abdominal,소화기내과,급성복증,3
288,배가 묵직하게 아픈 증상입니다,배가 묵직하게 아픈 증상입니다,,etc_emerg,응급의학과,기타 응급질환,1
289,배 통증 때문에 병원 가야 할까요?,배 통증 때문에 병원 가야 할까요,배 통증,abdominal,소화기내과,급성복증,3
290,배가 갑자기 너무 아파서 못 움직이겠어요,배가 갑자기 너무 아파서 못 움직이겠어요,못 움직이겠,abdominal,소화기내과,급성복증,3
291,복통이 심해서 식은땀이 납니다,복통이 심해서 식은땀이 납니다,식은땀,cardio,심장내과,급성 심근경색,4
292,배가 찢어질 듯이 아픈데 응급실 가야 하나요?,배가 찢어질 듯이 아픈데 응급실 가야 하나요,배가 찢어질,abdominal,소화기내과,급성복증,3
293,갑자기 심한 복통이 생겼어요,갑자기 심한 복통이 생겼어요,,etc_emerg,응급의학과,기타 응급질환,1
294,배를 만지면 너무 아파요,배를 만지면 너무 아파요,배를 만지면,abdominal,소화기내과,급성복증,3
295,배 통증이 점점 심해지고 있습니다,배 통증이 점점 심해지고 있습니다,배 통증,abdominal,소화기내과,급성복증,3
296,복부 통증 때문에 서 있기도 힘들어요,복부 통증 때문에 서 있기도 힘들어요,서 있기도 힘들,abdominal,소화기내과,급성복증,3
297,넘어졌는데 뼈가 부러진 것 같아요,넘어졌는데 뼈가 부러진 것 같아요,부러진 것 같,trauma,정형외과,골절,3
298,손목 골절인지 봐주세요,손목 골절인지 봐주세요,손목 골절,trauma,정형외과,골절,3
299,발목을 접질렀는데 골절일까요?,발목을 접질렀는데 골절일까요,골절일까,trauma,정형외과,골절,3
300,팔이 너무 아픈데 금이 간 걸까요?,팔이 너무 아픈데 금이 간 걸까요,금이 간,trauma,정형외과,골절,3
301,넘어진 후 발을 못 디디겠어요,넘어진 후 발을 못 디디겠어요,발을 못 디디,trauma,정형외과,골절,3
302,뼈가 부러진 것 같은 통증입니다,뼈가 부러진 것 같은 통증입니다,부러진 것 같,trauma,정형외과,골절,3
303,골절 의심되는데 응급실 가야 하나요?,골절 의심되는데 응급실 가야 하나요,골절 의심,trauma,정형외과,골절,3
304,넘어져서 머리를 크게 부딪혔어요,넘어져서 머리를 크게 부딪혔어요,머리를 크게 부딪,neuro,신경과,외상성 뇌손상,4
305,교통사고 후 몸이 너무 아픕니다,교통사고 후 몸이 너무 아픕니다,교통사고,trauma,정형외과,다발성외상,4
306,계단에서 굴러 떨어졌어요,계단에서 굴러 떨어졌어요,굴러 떨어졌,trauma,정형외과,외상,3
307,머리를 다쳤는데 병원 가야 할까요?,머리를 다쳤는데 병원 가야 할까요,병원 가야,etc_emerg,응급의학과,기타 응급질환,1
308,심하게 넘어져서 온몸이 아파요,심하게 넘어져서 온몸이 아파요,심하게 넘어,trauma,정형외과,외상,3
309,외상 후 어지러움이 계속됩니다,외상 후 어지러움이 계속됩니다,어지러움,neuro,신경과,어지럼증,3
310,사고 후 통증이 심한데 괜찮을까요?,사고 후 통증이 심한데 괜찮을까요,사고 후,trauma,정형외과,외상,3
311,어깨가 빠진 것 같아요,어깨가 빠진 것 같아요,어깨가 빠진,unknown,응급의학과,탈구,3
312,손가락이 탈구된 것 같습니다,손가락이 탈구된 것 같습니다,손가락이 탈구,unknown,응급의학과,탈구,3
313,팔꿈치가 빠진 느낌이에요,팔꿈치가 빠진 느낌이에요,팔꿈치가 빠진,unknown,응급의학과,탈구,3
314,어깨 탈골 응급실 가야 하나요?,어깨 탈골 응급실 가야 하나요,탈골,unknown,응급의학과,탈구,3
315,넘어진 후 관절 모양이 이상해요,넘어진 후 관절 모양이 이상해요,관절 모양이 이상,unknown,응급의학과,탈구,3
316,무릎이 빠진 것 같은데 너무 아파요,무릎이 빠진 것 같은데 너무 아파요,무릎이 빠진,unknown,응급의학과,탈구,3
317,탈골된 것 같아 움직일 수가 없습니다,탈골된 것 같아 움직일 수가 없습니다,움직일 수가 없,unknown,응급의학과,탈구,3
318,의사가 응급수술 해야 한다고 합니다,의사가 응급수술 해야 한다고 합니다,응급수술,etc_emerg,응급의학과,응급수술 필요,4
319,갑자기 배가 아픈데 수술해야 하나요?,갑자기 배가 아픈데 수술해야 하나요,수술해야,etc_emerg,응급의학과,응급수술 필요,4
320,응급수술이 필요한 상황인지 궁금합니다,응급수술이 필요한 상황인지 궁금합니다,응급수술,etc_emerg,응급의학과,응급수술 필요,4
321,복통이 너무 심한데 수술까지 해야 하나요?,복통이 너무 심한데 수술까지 해야 하나요,복통이 너무 심,abdominal,소화기내과,급성복증,3
322,응급실에서 수술 이야기 들었습니다,응급실에서 수술 이야기 들었습니다,수술 이야기,etc_emerg,응급의학과,응급수술 필요,4
323,수술 안 하면 위험한 상태인가요?,수술 안 하면 위험한 상태인가요,수술 안 하면,etc_emerg,응급의학과,응급수술 필요,4
324,응급수술 관련 문의드립니다,응급수술 관련 문의드립니다,응급수술,etc_emerg,응급의학과,응급수술 필요,4
325,소변이 안 나와요,소변이 안 나와요,변이 안 나와,abdominal,소화기내과,장폐색,4
326,소변 보기가 너무 힘듭니다,소변 보기가 너무 힘듭니다,,etc_emerg,응급의학과,기타 응급질환,1
327,화장실 가도 소변이 잘 안 나와요,화장실 가도 소변이 잘 안 나와요,소변이 잘 안 나,urology,비뇨의학과,배뇨장애,3
328,배뇨할 때 통증이 심합니다,배뇨할 때 통증이 심합니다,배뇨할 때 통증,urology,비뇨의학과,배뇨장애,3
329,갑자기 소변이 안 나와서 걱정돼요,갑자기 소변이 안 나와서 걱정돼요,변이 안 나와,abdominal,소화기내과,장폐색,4
330,잔뇨감이 계속 있습니다,잔뇨감이 계속 있습니다,잔뇨감,urology,비뇨의학과,배뇨장애,3
331,배뇨장애 때문에 병원 가야 할까요?,배뇨장애 때문에 병원 가야 할까요,배뇨,urology,비뇨의학과,배뇨장애,3
332,다친 후 피가 계속 납니다,다친 후 피가 계속 납니다,피가 계속,trauma,정형외과,혈관손상,3
333,손을 다쳤는데 혈관이 끊어진 걸까요?,손을 다쳤는데 혈관이 끊어진 걸까요,혈관이 끊어,trauma,정형외과,혈관손상,3
334,상처 부위가 창백해졌어요,상처 부위가 창백해졌어요,창백해졌,cardio,심장내과,쇼크,5
335,맥박이 안 느껴집니다,맥박이 안 느껴집니다,맥박이 안,cardio,심장내과,심정지,5
336,혈관 손상 증상인지 궁금합니다,혈관 손상 증상인지 궁금합니다,,etc_emerg,응급의학과,기타 응급질환,1
337,출혈이 심해서 멈추질 않아요,출혈이 심해서 멈추질 않아요,출혈이 심,trauma,정형외과,혈관손상,3
338,응급실 가야 할 정도인가요?,응급실 가야 할 정도인가요,응급실 가야,etc_emerg,응급의학과,기타 응급질환,1
339,임신 38주인데 진통이 시작된 것 같아요,임신 38주인데 진통이 시작된 것 같아요,진통,obgy,산부인과,산과적 응급상황,2
340,양수가 터진 것 같은데 어떡하죠?,양수가 터진 것 같은데 어떡하죠,양수가 터,obgy,산부인과,산과적 응급상황,2
341,출산 전 출혈이 있습니다,출산 전 출혈이 있습니다,출산,obgy,산부인과,산과적 응급상황,2
342,배가 규칙적으로 아픈데 진통일까요?,배가 규칙적으로 아픈데 진통일까요,진통,obgy,산부인과,산과적 응급상황,2
343,임신 중 복통이 심합니다,임신 중 복통이 심합니다,임신,obgy,산부인과,산과적 응급상황,2
344,분만이 시작된 것 같은데 병원 가야 하나요?,분만이 시작된 것 같은데 병원 가야 하나요,분만,obgy,산부인과,산과적 응급상황,2
345,양수인지 소변인지 모르겠습니다,양수인지 소변인지 모르겠습니다,,etc_emerg,응급의학과,기타 응급질환,1
346,성폭력 피해 후 산부인과 가야 하나요?,성폭력 피해 후 산부인과 가야 하나요,성폭력 피해,obgy,산부인과,성폭력 관련 응급상황,2
347,응급 피임약 상담받고 싶습니다,응급 피임약 상담받고 싶습니다,응급 피임약,obgy,산부인과,성폭력 관련 응급상황,2
348,성폭력 피해 검사 가능한가요?,성폭력 피해 검사 가능한가요,성폭력 피해,obgy,산부인과,성폭력 관련 응급상황,2
349,산부인과 응급진료 받아야 하나요?,산부인과 응급진료 받아야 하나요,,etc_emerg,응급의학과,기타 응급질환,1
350,피해 후 통증이 있습니다,피해 후 통증이 있습니다,피해 후,obgy,산부인과,성폭력 관련 응급상황,2
351,성폭력 관련 진료 절차가 궁금합니다,성폭력 관련 진료 절차가 궁금합니다,성폭력,obgy,산부인과,성폭력 관련 응급상황,2
352,응급실에서도 진료 가능한가요?,응급실에서도 진료 가능한가요,,etc_emerg,응급의학과,기타 응급질환,1
353,아이 귀에 구슬이 들어갔어요,아이 귀에 구슬이 들어갔어요,귀에 구슬,foreign_body,이비인후과,귀 이물,2
354,귀에 이물질이 들어가서 안 나옵니다,귀에 이물질이 들어가서 안 나옵니다,이물질이 들어가,foreign_body,이비인후과,귀 이물,2
355,면봉 끝이 귀 안에 들어갔어요,면봉 끝이 귀 안에 들어갔어요,귀 안에,foreign_body,이비인후과,귀 이물,2
356,귀에서 이상한 소리가 납니다,귀에서 이상한 소리가 납니다,,etc_emerg,응급의학과,기타 응급질환,1
357,귀에 벌레가 들어간 것 같아요,귀에 벌레가 들어간 것 같아요,귀에 벌레,foreign_body,이비인후과,귀 이물,2
358,귀 이물 제거 어떻게 하나요?,귀 이물 제거 어떻게 하나요,귀 이물,foreign_body,이비인후과,귀 이물,2
359,응급실 가야 하나요?,응급실 가야 하나요,응급실 가야,etc_emerg,응급의학과,기타 응급질환,1
360,눈에 먼지가 들어갔는데 안 나와요,눈에 먼지가 들어갔는데 안 나와요,눈에 먼지,foreign_body,이비인후과,눈 이물,2
361,눈에 철가루가 들어간 것 같아요,눈에 철가루가 들어간 것 같아요,눈에 철가루,foreign_body,이비인후과,눈 이물,2
362,눈이 너무 따갑고 이물감이 있어요,눈이 너무 따갑고 이물감이 있어요,눈이 너무 따갑,foreign_body,이비인후과,눈 이물,2
363,눈을 깜빡여도 안 빠집니다,눈을 깜빡여도 안 빠집니다,안 빠집니다,foreign_body,이비인후과,눈 이물,2
364,눈에 뭔가 들어가서 아파요,눈에 뭔가 들어가서 아파요,눈에 뭔가,foreign_body,이비인후과,눈 이물,2
365,눈 이물 제거 어떻게 하나요?,눈 이물 제거 어떻게 하나요,눈 이물,foreign_body,이비인후과,눈 이물,2
366,안과 바로 가야 하나요?,안과 바로 가야 하나요,안과 바로,eye,안과,화학성 안손상,4
367,아이가 콩을 코에 넣었어요,아이가 콩을 코에 넣었어요,코에 넣,foreign_body,이비인후과,코 이물,2
368,코 안에 이물질이 들어갔어요,코 안에 이물질이 들어갔어요,코 안에 이물,foreign_body,이비인후과,코 이물,2
369,코에 장난감 조각이 들어갔습니다,코에 장난감 조각이 들어갔습니다,장난감 조각,foreign_body,이비인후과,코 이물,2
370,코로 숨쉬기 힘들어요,코로 숨쉬기 힘들어요,숨쉬기 힘들,cardio,심장내과,급성 심근경색,4
371,코 안에서 뭔가 걸리는 느낌입니다,코 안에서 뭔가 걸리는 느낌입니다,걸리는 느낌,foreign_body,이비인후과,코 이물,2
372,코 이물 제거 가능할까요?,코 이물 제거 가능할까요,코 이물,foreign_body,이비인후과,코 이물,2
373,응급실 가야 하나요?,응급실 가야 하나요,응급실 가야,etc_emerg,응급의학과,기타 응급질환,1
374,항문에 이물질이 들어갔습니다,항문에 이물질이 들어갔습니다,항문에 이물,foreign_body,이비인후과,항문 이물,2
375,항문 통증이 심합니다,항문 통증이 심합니다,통증이 심,abdominal,소화기내과,급성복증,3
376,이물질이 빠지지 않아요,이물질이 빠지지 않아요,이물질이 빠지지,foreign_body,이비인후과,항문 이물,2
377,항문 안에 물건이 들어갔어요,항문 안에 물건이 들어갔어요,항문 안에 물건,foreign_body,이비인후과,항문 이물,2
378,응급실 가야 하는 상황인가요?,응급실 가야 하는 상황인가요,응급실 가야,etc_emerg,응급의학과,기타 응급질환,1
379,항문 이물 제거 문의드립니다,항문 이물 제거 문의드립니다,항문 이물 제거,foreign_body,이비인후과,항문 이물,2
380,통증 때문에 앉을 수가 없습니다,통증 때문에 앉을 수가 없습니다,,etc_emerg,응급의학과,기타 응급질환,1
