suspected_disease,query,target_count
뇌진탕 의심 두부손상,머리 맞음 응급실 증상,30
뇌진탕 의심 두부손상,두부외상 응급실 증상,30
뇌진탕 의심 두부손상,기절 응급실 증상,30
뇌진탕 의심 두부손상,의식소실 응급실 증상,30
뇌진탕 의심 두부손상,구토 응급실 증상,30
뇌진탕 의심 두부손상,사다리 추락 응급실 증상,30
뇌진탕 의심 두부손상,뇌진탕 의심 두부손상 증상 응급,30
외상성 뇌손상,두부손상 응급실 증상,30
외상성 뇌손상,의식저하 응급실 증상,30
외상성 뇌손상,반복구토 응급실 증상,30
외상성 뇌손상,두통악화 응급실 증상,30
외상성 뇌손상,두개골골절 응급실 증상,30
외상성 뇌손상,외상성 뇌손상 증상 응급,30
경추손상,목 다침 응급실 증상,30
경추손상,목 통증 응급실 증상,30
경추손상,팔다리 마비 응급실 증상,30
경추손상,추락 응급실 증상,30
경추손상,교통사고 응급실 증상,30
경추손상,경추손상 증상 응급,30
척추손상,허리 외상 응급실 증상,30
척추손상,감각저하 응급실 증상,30
척추손상,마비 응급실 증상,30
척추손상,대소변장애 응급실 증상,30
척추손상,추락 응급실 증상,30
척추손상,척추손상 증상 응급,30
다발성외상,교통사고 응급실 증상,30
다발성외상,추락 응급실 증상,30
다발성외상,여러 부위 손상 응급실 증상,30
다발성외상,의식저하 응급실 증상,30
다발성외상,출혈 응급실 증상,30
다발성외상,다발성외상 증상 응급,30
개방성 골절,뼈 보임 응급실 증상,30
개방성 골절,개방성 골절 응급실 증상,30
개방성 골절,출혈 응급실 증상,30
개방성 골절,변형 응급실 증상,30
개방성 골절,극심한 통증 응급실 증상,30
개방성 골절,개방성 골절 증상 응급,30
절단손상,손가락 절단 응급실 증상,30
절단손상,발가락 절단 응급실 증상,30
절단손상,절단 응급실 증상,30
절단손상,압궤 응급실 증상,30
절단손상,출혈 응급실 증상,30
절단손상,절단손상 증상 응급,30
압궤손상,끼임 응급실 증상,30
압궤손상,눌림 응급실 증상,30
압궤손상,압궤 응급실 증상,30
압궤손상,붓기 응급실 증상,30
압궤손상,감각저하 응급실 증상,30
압궤손상,압궤손상 증상 응급,30
안면외상,얼굴 다침 응급실 증상,30
안면외상,코피 응급실 증상,30
안면외상,턱 통증 응급실 증상,30
안면외상,시야 이상 응급실 증상,30
안면외상,치아 손상 응급실 증상,30
안면외상,안면외상 증상 응급,30
고열 동반 호흡곤란,40도 열 응급실 증상,30
고열 동반 호흡곤란,고열 응급실 증상,30
고열 동반 호흡곤란,숨쉬기 힘듦 응급실 증상,30
고열 동반 호흡곤란,호흡곤란 응급실 증상,30
고열 동반 호흡곤란,청색증 응급실 증상,30
고열 동반 호흡곤란,고열 동반 호흡곤란 증상 응급,30
폐렴 의심 고열,고열 응급실 증상,30
폐렴 의심 고열,기침 응급실 증상,30
폐렴 의심 고열,가래 응급실 증상,30
폐렴 의심 고열,숨참 응급실 증상,30
폐렴 의심 고열,흉통 응급실 증상,30
폐렴 의심 고열,폐렴 의심 고열 증상 응급,30
천식 악화,천식 응급실 증상,30
천식 악화,쌕쌕 응급실 증상,30
천식 악화,흡입기 응급실 증상,30
천식 악화,숨참 응급실 증상,30
천식 악화,말하기 어려움 응급실 증상,30
천식 악화,천식 악화 증상 응급,30
COPD 급성악화,만성폐질환 응급실 증상,30
COPD 급성악화,가래 증가 응급실 증상,30
COPD 급성악화,숨참 응급실 증상,30
COPD 급성악화,청색증 응급실 증상,30
COPD 급성악화,산소 응급실 증상,30
COPD 급성악화,COPD 급성악화 증상 응급,30
기흉,갑작스런 흉통 응급실 증상,30
기흉,숨참 응급실 증상,30
기흉,한쪽 가슴 응급실 증상,30
기흉,마른체형 응급실 증상,30
기흉,호흡곤란 응급실 증상,30
기흉,기흉 증상 응급,30
폐색전증,갑작스런 숨참 응급실 증상,30
폐색전증,흉통 응급실 증상,30
폐색전증,다리부종 응급실 증상,30
폐색전증,수술후 응급실 증상,30
폐색전증,장거리 이동 응급실 증상,30
폐색전증,폐색전증 증상 응급,30
급성 심부전,숨참 응급실 증상,30
급성 심부전,누우면 악화 응급실 증상,30
급성 심부전,다리부종 응급실 증상,30
급성 심부전,거품가래 응급실 증상,30
급성 심부전,심부전 응급실 증상,30
급성 심부전,급성 심부전 증상 응급,30
대동맥박리,찢어지는 흉통 응급실 증상,30
대동맥박리,등 통증 응급실 증상,30
대동맥박리,혈압차 응급실 증상,30
대동맥박리,실신 응급실 증상,30
대동맥박리,대동맥 응급실 증상,30
대동맥박리,대동맥박리 증상 응급,30
고혈압성 응급,혈압 180 응급실 증상,30
고혈압성 응급,심한 두통 응급실 증상,30
고혈압성 응급,흉통 응급실 증상,30
고혈압성 응급,시야 이상 응급실 증상,30
고혈압성 응급,신경증상 응급실 증상,30
고혈압성 응급,고혈압성 응급 증상 응급,30
실신,기절 응급실 증상,30
실신,쓰러짐 응급실 증상,30
실신,의식소실 응급실 증상,30
실신,어지럼 응급실 증상,30
실신,회복 응급실 증상,30
실신,실신 증상 응급,30
경련 발작,경련 응급실 증상,30
경련 발작,발작 응급실 증상,30
경련 발작,거품 응급실 증상,30
경련 발작,의식저하 응급실 증상,30
경련 발작,반복 응급실 증상,30
경련 발작,경련 발작 증상 응급,30
수막염 의심,고열 응급실 증상,30
수막염 의심,목 뻣뻣 응급실 증상,30
수막염 의심,두통 응급실 증상,30
수막염 의심,구토 응급실 증상,30
수막염 의심,의식저하 응급실 증상,30
수막염 의심,수막염 의심 증상 응급,30
편두통 위험징후,두통 응급실 증상,30
편두통 위험징후,시야번쩍 응급실 증상,30
편두통 위험징후,구토 응급실 증상,30
편두통 위험징후,편측 응급실 증상,30
편두통 위험징후,반복 응급실 증상,30
편두통 위험징후,편두통 위험징후 증상 응급,30
급성 충수염,오른쪽 아랫배 응급실 증상,30
급성 충수염,복통 응급실 증상,30
급성 충수염,열 응급실 증상,30
급성 충수염,구토 응급실 증상,30
급성 충수염,눌렀다 뗄 때 통증 응급실 증상,30
급성 충수염,급성 충수염 증상 응급,30
담낭염,오른쪽 윗배 응급실 증상,30
담낭염,열 응급실 증상,30
담낭염,구토 응급실 증상,30
담낭염,기름진 음식 응급실 증상,30
담낭염,황달 응급실 증상,30
담낭염,담낭염 증상 응급,30
요로결석,옆구리 통증 응급실 증상,30
요로결석,혈뇨 응급실 증상,30
요로결석,구토 응급실 증상,30
요로결석,소변통 응급실 증상,30
요로결석,극심한 통증 응급실 증상,30
요로결석,요로결석 증상 응급,30
급성 신우신염,고열 응급실 증상,30
급성 신우신염,옆구리 통증 응급실 증상,30
급성 신우신염,소변통 응급실 증상,30
급성 신우신염,오한 응급실 증상,30
급성 신우신염,혈뇨 응급실 증상,30
급성 신우신염,급성 신우신염 증상 응급,30
고환염전,고환통 응급실 증상,30
고환염전,갑작스런 통증 응급실 증상,30
고환염전,붓기 응급실 증상,30
고환염전,구토 응급실 증상,30
고환염전,청소년 응급실 증상,30
고환염전,고환염전 증상 응급,30
노로바이러스 의심 급성 위장염,굴 응급실 증상,30
노로바이러스 의심 급성 위장염,생굴 응급실 증상,30
노로바이러스 의심 급성 위장염,해산물 응급실 증상,30
노로바이러스 의심 급성 위장염,구토 응급실 증상,30
노로바이러스 의심 급성 위장염,설사 응급실 증상,30
노로바이러스 의심 급성 위장염,복통 응급실 증상,30
노로바이러스 의심 급성 위장염,오한 응급실 증상,30
노로바이러스 의심 급성 위장염,노로바이러스 의심 급성 위장염 증상 응급,30
식중독,상한 음식 응급실 증상,30
식중독,구토 응급실 증상,30
식중독,설사 응급실 증상,30
식중독,복통 응급실 증상,30
식중독,열 응급실 증상,30
식중독,식중독 증상 응급,30
중증 탈수,소변감소 응급실 증상,30
중증 탈수,입마름 응급실 증상,30
중증 탈수,어지럼 응급실 증상,30
중증 탈수,반복구토 응급실 증상,30
중증 탈수,설사 응급실 증상,30
중증 탈수,중증 탈수 증상 응급,30
저혈당,당뇨 응급실 증상,30
저혈당,식은땀 응급실 증상,30
저혈당,손떨림 응급실 증상,30
저혈당,의식저하 응급실 증상,30
저혈당,혈당 낮음 응급실 증상,30
저혈당,저혈당 증상 응급,30
고혈당성 응급,당뇨 응급실 증상,30
고혈당성 응급,혈당 높음 응급실 증상,30
고혈당성 응급,구토 응급실 증상,30
고혈당성 응급,복통 응급실 증상,30
고혈당성 응급,의식저하 응급실 증상,30
고혈당성 응급,고혈당성 응급 증상 응급,30
패혈증 의심,고열 응급실 증상,30
패혈증 의심,저체온 응급실 증상,30
패혈증 의심,의식저하 응급실 증상,30
패혈증 의심,호흡빠름 응급실 증상,30
패혈증 의심,혈압저하 응급실 증상,30
패혈증 의심,패혈증 의심 증상 응급,30
열성경련,아이 고열 응급실 증상,30
열성경련,경련 응급실 증상,30
열성경련,발작 응급실 증상,30
열성경련,의식 응급실 증상,30
열성경련,반복 응급실 증상,30
열성경련,열성경련 증상 응급,30
영아 호흡곤란,아기 응급실 증상,30
영아 호흡곤란,숨참 응급실 증상,30
영아 호흡곤란,쌕쌕 응급실 증상,30
영아 호흡곤란,청색증 응급실 증상,30
영아 호흡곤란,수유곤란 응급실 증상,30
영아 호흡곤란,영아 호흡곤란 증상 응급,30
소아 탈수,아이 설사 응급실 증상,30
소아 탈수,구토 응급실 증상,30
소아 탈수,소변감소 응급실 증상,30
소아 탈수,눈물없음 응급실 증상,30
소아 탈수,축 처짐 응급실 증상,30
소아 탈수,소아 탈수 증상 응급,30
임신 중 복통출혈,임신 응급실 증상,30
임신 중 복통출혈,복통 응급실 증상,30
임신 중 복통출혈,질출혈 응급실 증상,30
임신 중 복통출혈,어지럼 응급실 증상,30
임신 중 복통출혈,태동감소 응급실 증상,30
임신 중 복통출혈,임신 중 복통출혈 증상 응급,30
자궁외임신 의심,임신초기 응급실 증상,30
자궁외임신 의심,아랫배통증 응급실 증상,30
자궁외임신 의심,질출혈 응급실 증상,30
자궁외임신 의심,어지럼 응급실 증상,30
자궁외임신 의심,실신 응급실 증상,30
자궁외임신 의심,자궁외임신 의심 증상 응급,30
분만 임박,진통 응급실 증상,30
분만 임박,양수 응급실 증상,30
분만 임박,출산 응급실 증상,30
분만 임박,규칙적 통증 응급실 증상,30
분만 임박,임신 응급실 증상,30
분만 임박,분만 임박 증상 응급,30
자살위험,자살 응급실 증상,30
자살위험,죽고싶다 응급실 증상,30
자살위험,약 먹음 응급실 증상,30
자살위험,자해 응급실 증상,30
자살위험,유서 응급실 증상,30
자살위험,자살위험 증상 응급,30
공황발작,공황 응급실 증상,30
공황발작,숨막힘 응급실 증상,30
공황발작,두근거림 응급실 증상,30
공황발작,죽을 것 같음 응급실 증상,30
공황발작,불안 응급실 증상,30
공황발작,공황발작 증상 응급,30
섬망 의심,갑자기 이상행동 응급실 증상,30
섬망 의심,혼돈 응급실 증상,30
섬망 의심,고령 응급실 증상,30
섬망 의심,의식변화 응급실 증상,30
섬망 의심,환각 응급실 증상,30
섬망 의심,섬망 의심 증상 응급,30
눈 화학손상,락스 눈 응급실 증상,30
눈 화학손상,화학물질 눈 응급실 증상,30
눈 화학손상,눈 통증 응급실 증상,30
눈 화학손상,시야 이상 응급실 증상,30
눈 화학손상,세척 응급실 증상,30
눈 화학손상,눈 화학손상 증상 응급,30
망막박리 의심,번쩍임 응급실 증상,30
망막박리 의심,날파리 응급실 증상,30
망막박리 의심,시야 가림 응급실 증상,30
망막박리 의심,갑작스런 시력저하 응급실 증상,30
망막박리 의심,커튼 응급실 증상,30
망막박리 의심,망막박리 의심 증상 응급,30
각막손상,눈 찔림 응급실 증상,30
각막손상,이물감 응급실 증상,30
각막손상,통증 응급실 증상,30
각막손상,눈물 응급실 증상,30
각막손상,시야흐림 응급실 증상,30
각막손상,각막손상 증상 응급,30
기도 이물,목에 걸림 응급실 증상,30
기도 이물,음식물 응급실 증상,30
기도 이물,말 못함 응급실 증상,30
기도 이물,기침 못함 응급실 증상,30
기도 이물,청색증 응급실 증상,30
기도 이물,기도 이물 증상 응급,30
식도 이물,삼킴곤란 응급실 증상,30
식도 이물,생선가시 응급실 증상,30
식도 이물,목통증 응급실 증상,30
식도 이물,침흘림 응급실 증상,30
식도 이물,흉통 응급실 증상,30
식도 이물,식도 이물 증상 응급,30
아나필락시스,두드러기 응급실 증상,30
아나필락시스,입술부음 응급실 증상,30
아나필락시스,숨참 응급실 증상,30
아나필락시스,어지럼 응급실 증상,30
아나필락시스,벌쏘임 응급실 증상,30
아나필락시스,아나필락시스 증상 응급,30
혈관부종,입술부음 응급실 증상,30
혈관부종,혀부음 응급실 증상,30
혈관부종,목조임 응급실 증상,30
혈관부종,약물 응급실 증상,30
혈관부종,알레르기 응급실 증상,30
혈관부종,혈관부종 증상 응급,30
저체온증,추위노출 응급실 증상,30
저체온증,떨림 응급실 증상,30
저체온증,의식저하 응급실 증상,30
저체온증,체온저하 응급실 증상,30
저체온증,젖은 옷 응급실 증상,30
저체온증,저체온증 증상 응급,30
열사병,더위 응급실 증상,30
열사병,고온 응급실 증상,30
열사병,의식혼란 응급실 증상,30
열사병,고열 응급실 증상,30
열사병,땀 안남 응급실 증상,30
열사병,열사병 증상 응급,30
일산화탄소중독,연탄 응급실 증상,30
일산화탄소중독,보일러 응급실 증상,30
일산화탄소중독,두통 응급실 증상,30
일산화탄소중독,어지럼 응급실 증상,30
일산화탄소중독,여러명 증상 응급실 증상,30
일산화탄소중독,일산화탄소중독 증상 응급,30
화학물질중독,락스 응급실 증상,30
화학물질중독,농약 응급실 증상,30
화학물질중독,세제 응급실 증상,30
화학물질중독,흡입 응급실 증상,30
화학물질중독,구토 응급실 증상,30
화학물질중독,화학물질중독 증상 응급,30
알코올중독,술 응급실 증상,30
알코올중독,의식저하 응급실 증상,30
알코올중독,구토 응급실 증상,30
알코올중독,호흡느림 응급실 증상,30
알코올중독,만취 응급실 증상,30
알코올중독,알코올중독 증상 응급,30
